neuron_i,session_i,monkey,area,trial,seq_idx,seq_rep_n,seq_pos,elem_id,rwd_trial,prev_elem,average_win_fr,average_win_spkCount,average_win_delta_spkCount
1185,27,troy,auditory,1,5,1,1,A,1,X,0,0,0
1185,27,troy,auditory,1,5,1,2,C,1,A,0,0,0
1185,27,troy,auditory,1,5,1,3,F,1,C,0,0,0
1185,27,troy,auditory,1,5,1,4,C,1,F,0,0,0
1185,27,troy,auditory,1,5,1,5,G,1,C,0,0,0
1185,27,troy,auditory,2,9,1,1,A,1,X,4.98753117206983,2,0
1185,27,troy,auditory,2,9,1,2,G,1,A,0,0,-2
1185,27,troy,auditory,2,9,1,3,F,1,G,0,0,-2
1185,27,troy,auditory,2,9,1,4,C,1,F,0,0,-2
1185,27,troy,auditory,2,9,1,5,D,1,C,0,0,-2
1185,27,troy,auditory,3,13,1,1,A,1,X,0,0,0
1185,27,troy,auditory,3,13,1,2,D,1,A,0,0,0
1185,27,troy,auditory,3,13,1,3,F,1,D,0,0,0
1185,27,troy,auditory,3,13,1,4,C,1,F,0,0,0
1185,27,troy,auditory,3,13,1,5,G,1,C,0,0,0
1185,27,troy,auditory,4,7,1,1,A,1,X,2.49376558603491,1,0
1185,27,troy,auditory,4,7,1,2,C,1,A,0,0,-1
1185,27,troy,auditory,4,7,1,3,G,1,C,0,0,-1
1185,27,troy,auditory,4,7,1,4,F,1,G,0,0,-1
1185,27,troy,auditory,4,7,1,5,C,1,F,0,0,-1
1185,27,troy,auditory,5,15,1,1,A,1,X,0,0,0
1185,27,troy,auditory,5,15,1,2,C,1,A,0,0,0
1185,27,troy,auditory,5,15,1,3,F,1,C,2.49376558603491,1,1
1185,27,troy,auditory,5,15,1,4,C,1,F,0,0,0
1185,27,troy,auditory,5,15,1,5,F,1,C,2.49376558603491,1,1
1185,27,troy,auditory,6,11,1,1,A,1,X,2.49376558603491,1,0
1185,27,troy,auditory,6,11,1,2,G,1,A,2.49376558603491,1,0
1185,27,troy,auditory,6,11,1,3,C,1,G,1.38932832083291,0,-1
1185,27,troy,auditory,6,11,1,4,F,1,C,4.98753117206983,2,1
1185,27,troy,auditory,6,11,1,5,C,1,F,2.49376558603491,1,0
1185,27,troy,auditory,7,10,1,1,A,0,X,NaN,0,0
1185,27,troy,auditory,7,10,1,2,C,0,A,NaN,0,0
1185,27,troy,auditory,7,10,1,3,D,0,C,NaN,0,0
1185,27,troy,auditory,7,10,1,4,F,0,D,NaN,0,0
1185,27,troy,auditory,7,10,1,5,C,0,F,NaN,0,0
1185,27,troy,auditory,8,12,1,1,A,0,X,NaN,0,0
1185,27,troy,auditory,8,12,1,2,F,0,A,NaN,0,0
1185,27,troy,auditory,8,12,1,3,C,0,F,NaN,0,0
1185,27,troy,auditory,8,12,1,4,G,0,C,NaN,0,0
1185,27,troy,auditory,8,12,1,5,C,0,G,NaN,0,0
1185,27,troy,auditory,9,16,1,1,A,0,X,2.49376558603491,1,0
1185,27,troy,auditory,9,16,1,2,D,0,A,2.36659041828994,0,-1
1185,27,troy,auditory,9,16,1,3,C,0,D,1.24760098575461,0,-1
1185,27,troy,auditory,9,16,1,4,G,0,C,2.49376558603491,1,0
1185,27,troy,auditory,9,16,1,5,C,0,G,0,0,-1
1185,27,troy,auditory,10,3,1,1,A,1,X,0,0,0
1185,27,troy,auditory,10,3,1,2,C,1,A,0,0,0
1185,27,troy,auditory,10,3,1,3,G,1,C,0,0,0
1185,27,troy,auditory,10,3,1,4,F,1,G,0,0,0
1185,27,troy,auditory,10,3,1,5,C,1,F,2.49376558603491,1,1
1185,27,troy,auditory,11,2,1,1,A,1,X,0,0,0
1185,27,troy,auditory,11,2,1,2,D,1,A,4.98753117206983,2,2
1185,27,troy,auditory,11,2,1,3,C,1,D,0,0,0
1185,27,troy,auditory,11,2,1,4,F,1,C,2.49376558603491,1,1
1185,27,troy,auditory,11,2,1,5,C,1,F,2.49376558603491,1,1
1185,27,troy,auditory,12,4,1,1,A,1,X,0,0,0
1185,27,troy,auditory,12,4,1,2,D,1,A,0,0,0
1185,27,troy,auditory,12,4,1,3,C,1,D,0,0,0
1185,27,troy,auditory,12,4,1,4,G,1,C,0,0,0
1185,27,troy,auditory,12,4,1,5,F,1,G,4.98753117206983,2,2
1185,27,troy,auditory,13,6,1,1,A,0,X,NaN,0,0
1185,27,troy,auditory,13,6,1,2,D,0,A,NaN,0,0
1185,27,troy,auditory,13,6,1,3,C,0,D,NaN,0,0
1185,27,troy,auditory,13,6,1,4,F,0,C,NaN,0,0
1185,27,troy,auditory,13,6,1,5,C,0,F,NaN,0,0
1185,27,troy,auditory,14,14,1,1,A,1,X,0,0,0
1185,27,troy,auditory,14,14,1,2,D,1,A,0,0,0
1185,27,troy,auditory,14,14,1,3,G,1,D,0,0,0
1185,27,troy,auditory,14,14,1,4,F,1,G,2.49376558603491,1,1
1185,27,troy,auditory,14,14,1,5,C,1,F,0,0,0
1185,27,troy,auditory,15,8,1,1,A,1,X,0,0,0
1185,27,troy,auditory,15,8,1,2,D,1,A,3.24014585803096,1,1
1185,27,troy,auditory,15,8,1,3,C,1,D,0,0,0
1185,27,troy,auditory,15,8,1,4,G,1,C,0,0,0
1185,27,troy,auditory,15,8,1,5,F,1,G,0,0,0
1185,27,troy,auditory,16,1,1,1,A,1,X,2.49376558603491,1,0
1185,27,troy,auditory,16,1,1,2,C,1,A,0,0,-1
1185,27,troy,auditory,16,1,1,3,F,1,C,0,0,-1
1185,27,troy,auditory,16,1,1,4,C,1,F,0,0,-1
1185,27,troy,auditory,16,1,1,5,G,1,C,0,0,-1
1185,27,troy,auditory,17,3,2,1,A,1,X,9.84788717639467,3,0
1185,27,troy,auditory,17,3,2,2,C,1,A,0,0,-3
1185,27,troy,auditory,17,3,2,3,G,1,C,0,0,-3
1185,27,troy,auditory,17,3,2,4,F,1,G,0,0,-3
1185,27,troy,auditory,17,3,2,5,C,1,F,0,0,-3
1185,27,troy,auditory,18,13,2,1,A,1,X,0,0,0
1185,27,troy,auditory,18,13,2,2,D,1,A,7.48129675810474,3,3
1185,27,troy,auditory,18,13,2,3,F,1,D,0,0,0
1185,27,troy,auditory,18,13,2,4,C,1,F,0,0,0
1185,27,troy,auditory,18,13,2,5,G,1,C,0,0,0
1185,27,troy,auditory,19,4,2,1,A,1,X,2.49376558603491,1,0
1185,27,troy,auditory,19,4,2,2,D,1,A,5.78676339144539,3,2
1185,27,troy,auditory,19,4,2,3,C,1,D,2.49376558603491,1,0
1185,27,troy,auditory,19,4,2,4,G,1,C,2.49376558603491,1,0
1185,27,troy,auditory,19,4,2,5,F,1,G,2.49376558603491,1,0
1185,27,troy,auditory,20,8,2,1,A,1,X,0,0,0
1185,27,troy,auditory,20,8,2,2,D,1,A,1.24616460028031,1,1
1185,27,troy,auditory,20,8,2,3,C,1,D,0,0,0
1185,27,troy,auditory,20,8,2,4,G,1,C,0,0,0
1185,27,troy,auditory,20,8,2,5,F,1,G,0,0,0
1185,27,troy,auditory,21,10,2,1,A,1,X,0,0,0
1185,27,troy,auditory,21,10,2,2,C,1,A,4.98753117206983,2,2
1185,27,troy,auditory,21,10,2,3,D,1,C,2.49376558603491,1,1
1185,27,troy,auditory,21,10,2,4,F,1,D,0,0,0
1185,27,troy,auditory,21,10,2,5,C,1,F,2.49376558603491,1,1
1185,27,troy,auditory,22,16,2,1,A,1,X,2.49376558603491,1,0
1185,27,troy,auditory,22,16,2,2,D,1,A,0,0,-1
1185,27,troy,auditory,22,16,2,3,C,1,D,0,0,-1
1185,27,troy,auditory,22,16,2,4,G,1,C,2.49376558603491,1,0
1185,27,troy,auditory,22,16,2,5,C,1,G,2.49376558603491,1,0
1185,27,troy,auditory,23,15,2,1,A,1,X,0,0,0
1185,27,troy,auditory,23,15,2,2,C,1,A,2.49376558603491,1,1
1185,27,troy,auditory,23,15,2,3,F,1,C,0,0,0
1185,27,troy,auditory,23,15,2,4,C,1,F,0,0,0
1185,27,troy,auditory,23,15,2,5,F,1,C,2.49376558603491,1,1
1185,27,troy,auditory,24,11,2,1,A,1,X,0,0,0
1185,27,troy,auditory,24,11,2,2,G,1,A,0,0,0
1185,27,troy,auditory,24,11,2,3,C,1,G,0,0,0
1185,27,troy,auditory,24,11,2,4,F,1,C,4.98753117206982,2,2
1185,27,troy,auditory,24,11,2,5,C,1,F,2.49376558603491,1,1
1185,27,troy,auditory,25,6,2,1,A,1,X,0,0,0
1185,27,troy,auditory,25,6,2,2,D,1,A,4.98753117206983,2,2
1185,27,troy,auditory,25,6,2,3,C,1,D,2.49376558603491,1,1
1185,27,troy,auditory,25,6,2,4,F,1,C,0,0,0
1185,27,troy,auditory,25,6,2,5,C,1,F,2.49376558603491,0,0
1185,27,troy,auditory,26,2,2,1,A,1,X,0,0,0
1185,27,troy,auditory,26,2,2,2,D,1,A,2.49376558603491,1,1
1185,27,troy,auditory,26,2,2,3,C,1,D,2.49376558603491,1,1
1185,27,troy,auditory,26,2,2,4,F,1,C,0,0,0
1185,27,troy,auditory,26,2,2,5,C,1,F,2.49376558603491,1,1
1185,27,troy,auditory,27,5,2,1,A,1,X,0,0,0
1185,27,troy,auditory,27,5,2,2,C,1,A,0,0,0
1185,27,troy,auditory,27,5,2,3,F,1,C,2.49376558603491,1,1
1185,27,troy,auditory,27,5,2,4,C,1,F,2.49376558603491,1,1
1185,27,troy,auditory,27,5,2,5,G,1,C,2.15777039538685,1,1
1185,27,troy,auditory,28,7,2,1,A,1,X,9.01953301811481,3,0
1185,27,troy,auditory,28,7,2,2,C,1,A,2.49376558603491,1,-2
1185,27,troy,auditory,28,7,2,3,G,1,C,0,0,-3
1185,27,troy,auditory,28,7,2,4,F,1,G,2.49376558603491,1,-2
1185,27,troy,auditory,28,7,2,5,C,1,F,2.49376558603491,1,-2
1185,27,troy,auditory,29,12,2,1,A,1,X,0,0,0
1185,27,troy,auditory,29,12,2,2,F,1,A,0,0,0
1185,27,troy,auditory,29,12,2,3,C,1,F,0,0,0
1185,27,troy,auditory,29,12,2,4,G,1,C,0,0,0
1185,27,troy,auditory,29,12,2,5,C,1,G,0,0,0
1185,27,troy,auditory,30,9,2,1,A,1,X,0,0,0
1185,27,troy,auditory,30,9,2,2,G,1,A,2.49376558603491,1,1
1185,27,troy,auditory,30,9,2,3,F,1,G,2.49376558603491,1,1
1185,27,troy,auditory,30,9,2,4,C,1,F,0,0,0
1185,27,troy,auditory,30,9,2,5,D,1,C,0,0,0
1185,27,troy,auditory,31,14,2,1,A,1,X,2.49376558603491,1,0
1185,27,troy,auditory,31,14,2,2,D,1,A,2.49376558603491,1,0
1185,27,troy,auditory,31,14,2,3,G,1,D,0,0,-1
1185,27,troy,auditory,31,14,2,4,F,1,G,0,0,-1
1185,27,troy,auditory,31,14,2,5,C,1,F,0,0,-1
1185,27,troy,auditory,32,1,2,1,A,1,X,0,0,0
1185,27,troy,auditory,32,1,2,2,C,1,A,0,0,0
1185,27,troy,auditory,32,1,2,3,F,1,C,0,0,0
1185,27,troy,auditory,32,1,2,4,C,1,F,4.98753117206983,2,2
1185,27,troy,auditory,32,1,2,5,G,1,C,0,0,0
1185,27,troy,auditory,33,14,3,1,A,1,X,2.49376558603491,1,0
1185,27,troy,auditory,33,14,3,2,D,1,A,4.98753117206982,2,1
1185,27,troy,auditory,33,14,3,3,G,1,D,2.49376558603491,1,0
1185,27,troy,auditory,33,14,3,4,F,1,G,3.73993018631522,2,1
1185,27,troy,auditory,33,14,3,5,C,1,F,0,0,-1
1185,27,troy,auditory,34,2,3,1,A,1,X,0,0,0
1185,27,troy,auditory,34,2,3,2,D,1,A,9.97506234413965,3,3
1185,27,troy,auditory,34,2,3,3,C,1,D,0,0,0
1185,27,troy,auditory,34,2,3,4,F,1,C,2.49376558603491,1,1
1185,27,troy,auditory,34,2,3,5,C,1,F,0,0,0
1185,27,troy,auditory,35,15,3,1,A,0,X,NaN,0,0
1185,27,troy,auditory,35,15,3,2,C,0,A,NaN,0,0
1185,27,troy,auditory,35,15,3,3,F,0,C,NaN,0,0
1185,27,troy,auditory,35,15,3,4,C,0,F,NaN,0,0
1185,27,troy,auditory,35,15,3,5,F,0,C,NaN,0,0
1185,27,troy,auditory,36,9,3,1,A,1,X,0,0,0
1185,27,troy,auditory,36,9,3,2,G,1,A,0,0,0
1185,27,troy,auditory,36,9,3,3,F,1,G,0,0,0
1185,27,troy,auditory,36,9,3,4,C,1,F,4.98753117206982,2,2
1185,27,troy,auditory,36,9,3,5,D,1,C,0,0,0
1185,27,troy,auditory,37,1,3,1,A,1,X,4.98753117206982,2,0
1185,27,troy,auditory,37,1,3,2,C,1,A,0,0,-2
1185,27,troy,auditory,37,1,3,3,F,1,C,0,0,-2
1185,27,troy,auditory,37,1,3,4,C,1,F,0.635623158713574,1,-1
1185,27,troy,auditory,37,1,3,5,G,1,C,2.49376558603491,1,-1
1185,27,troy,auditory,38,16,3,1,A,1,X,2.49376558603491,1,0
1185,27,troy,auditory,38,16,3,2,D,1,A,0,0,-1
1185,27,troy,auditory,38,16,3,3,C,1,D,0,0,-1
1185,27,troy,auditory,38,16,3,4,G,1,C,0,0,-1
1185,27,troy,auditory,38,16,3,5,C,1,G,0,0,-1
1185,27,troy,auditory,39,5,3,1,A,1,X,0,0,0
1185,27,troy,auditory,39,5,3,2,C,1,A,2.49376558603491,1,1
1185,27,troy,auditory,39,5,3,3,F,1,C,2.49376558603491,1,1
1185,27,troy,auditory,39,5,3,4,C,1,F,0,0,0
1185,27,troy,auditory,39,5,3,5,G,1,C,0,0,0
1185,27,troy,auditory,40,12,3,1,A,1,X,0,0,0
1185,27,troy,auditory,40,12,3,2,F,1,A,2.49376558603491,1,1
1185,27,troy,auditory,40,12,3,3,C,1,F,0,0,0
1185,27,troy,auditory,40,12,3,4,G,1,C,0,0,0
1185,27,troy,auditory,40,12,3,5,C,1,G,0,0,0
1185,27,troy,auditory,41,4,3,1,A,1,X,0,0,0
1185,27,troy,auditory,41,4,3,2,D,1,A,2.49376558603491,1,1
1185,27,troy,auditory,41,4,3,3,C,1,D,0,0,0
1185,27,troy,auditory,41,4,3,4,G,1,C,2.49376558603491,1,1
1185,27,troy,auditory,41,4,3,5,F,1,G,4.98753117206982,2,2
1185,27,troy,auditory,42,3,3,1,A,1,X,4.98753117206983,2,0
1185,27,troy,auditory,42,3,3,2,C,1,A,0,0,-2
1185,27,troy,auditory,42,3,3,3,G,1,C,3.74136657178952,1,-1
1185,27,troy,auditory,42,3,3,4,F,1,G,0,0,-2
1185,27,troy,auditory,42,3,3,5,C,1,F,4.35190801335625,1,-1
1185,27,troy,auditory,43,10,3,1,A,1,X,0,0,0
1185,27,troy,auditory,43,10,3,2,C,1,A,2.49376558603491,1,1
1185,27,troy,auditory,43,10,3,3,D,1,C,0,0,0
1185,27,troy,auditory,43,10,3,4,F,1,D,2.49376558603491,1,1
1185,27,troy,auditory,43,10,3,5,C,1,F,2.49376558603491,1,1
1185,27,troy,auditory,44,8,3,1,A,1,X,0,0,0
1185,27,troy,auditory,44,8,3,2,D,1,A,2.49376558603491,1,1
1185,27,troy,auditory,44,8,3,3,C,1,D,2.49376558603491,1,1
1185,27,troy,auditory,44,8,3,4,G,1,C,0,0,0
1185,27,troy,auditory,44,8,3,5,F,1,G,0,0,0
1185,27,troy,auditory,45,6,3,1,A,1,X,0,0,0
1185,27,troy,auditory,45,6,3,2,D,1,A,0,0,0
1185,27,troy,auditory,45,6,3,3,C,1,D,0,0,0
1185,27,troy,auditory,45,6,3,4,F,1,C,0,0,0
1185,27,troy,auditory,45,6,3,5,C,1,F,2.49376558603491,1,1
1185,27,troy,auditory,46,11,3,1,A,1,X,2.73936111601623,1,0
1185,27,troy,auditory,46,11,3,2,G,1,A,0,0,-1
1185,27,troy,auditory,46,11,3,3,C,1,G,0,0,-1
1185,27,troy,auditory,46,11,3,4,F,1,C,0,0,-1
1185,27,troy,auditory,46,11,3,5,C,1,F,0,0,-1
1185,27,troy,auditory,47,7,3,1,A,1,X,0,0,0
1185,27,troy,auditory,47,7,3,2,C,1,A,2.49376558603491,1,1
1185,27,troy,auditory,47,7,3,3,G,1,C,0,0,0
1185,27,troy,auditory,47,7,3,4,F,1,G,2.49376558603491,1,1
1185,27,troy,auditory,47,7,3,5,C,1,F,2.49376558603491,1,1
1185,27,troy,auditory,48,13,3,1,A,1,X,0,0,0
1185,27,troy,auditory,48,13,3,2,D,1,A,2.49376558603491,1,1
1185,27,troy,auditory,48,13,3,3,F,1,D,0,0,0
1185,27,troy,auditory,48,13,3,4,C,1,F,0,0,0
1185,27,troy,auditory,48,13,3,5,G,1,C,0,0,0
1185,27,troy,auditory,49,2,4,1,A,1,X,4.98753117206982,2,0
1185,27,troy,auditory,49,2,4,2,D,1,A,0,0,-2
1185,27,troy,auditory,49,2,4,3,C,1,D,0.127175167744975,1,-1
1185,27,troy,auditory,49,2,4,4,F,1,C,0,0,-2
1185,27,troy,auditory,49,2,4,5,C,1,F,0,0,-2
1185,27,troy,auditory,50,4,4,1,A,1,X,4.98753117206983,2,0
1185,27,troy,auditory,50,4,4,2,D,1,A,2.49376558603491,1,-1
1185,27,troy,auditory,50,4,4,3,C,1,D,0,0,-2
1185,27,troy,auditory,50,4,4,4,G,1,C,4.98753117206983,2,0
1185,27,troy,auditory,50,4,4,5,F,1,G,0,0,-2
1185,27,troy,auditory,51,12,4,1,A,1,X,0,0,0
1185,27,troy,auditory,51,12,4,2,F,1,A,2.49376558603491,1,1
1185,27,troy,auditory,51,12,4,3,C,1,F,0,0,0
1185,27,troy,auditory,51,12,4,4,G,1,C,2.49376558603491,1,1
1185,27,troy,auditory,51,12,4,5,C,1,G,0,0,0
1185,27,troy,auditory,52,8,4,1,A,1,X,0,0,0
1185,27,troy,auditory,52,8,4,2,D,1,A,0,0,0
1185,27,troy,auditory,52,8,4,3,C,1,D,2.49376558603491,1,1
1185,27,troy,auditory,52,8,4,4,G,1,C,0,0,0
1185,27,troy,auditory,52,8,4,5,F,1,G,0,0,0
1185,27,troy,auditory,53,6,4,1,A,0,X,7.48129675810474,3,0
1185,27,troy,auditory,53,6,4,2,D,0,A,2.49376558603491,1,-2
1185,27,troy,auditory,53,6,4,3,C,0,D,2.4159578739721,1,-2
1185,27,troy,auditory,53,6,4,4,F,0,C,0,0,-3
1185,27,troy,auditory,53,6,4,5,C,0,F,0,0,-3
1185,27,troy,auditory,54,15,4,1,A,1,X,0,0,0
1185,27,troy,auditory,54,15,4,2,C,1,A,0,0,0
1185,27,troy,auditory,54,15,4,3,F,1,C,0,0,0
1185,27,troy,auditory,54,15,4,4,C,1,F,0,0,0
1185,27,troy,auditory,54,15,4,5,F,1,C,0,0,0
1185,27,troy,auditory,55,14,4,1,A,1,X,0,0,0
1185,27,troy,auditory,55,14,4,2,D,1,A,0,0,0
1185,27,troy,auditory,55,14,4,3,G,1,D,0.245595529981313,0,0
1185,27,troy,auditory,55,14,4,4,F,1,G,0,0,0
1185,27,troy,auditory,55,14,4,5,C,1,F,0,0,0
1185,27,troy,auditory,56,3,4,1,A,1,X,2.49376558603491,1,0
1185,27,troy,auditory,56,3,4,2,C,1,A,7.48129675810474,3,2
1185,27,troy,auditory,56,3,4,3,G,1,C,0,0,-1
1185,27,troy,auditory,56,3,4,4,F,1,G,2.49376558603491,1,0
1185,27,troy,auditory,56,3,4,5,C,1,F,2.49376558603491,1,0
1185,27,troy,auditory,57,13,4,1,A,1,X,0,0,0
1185,27,troy,auditory,57,13,4,2,D,1,A,0,0,0
1185,27,troy,auditory,57,13,4,3,F,1,D,0.862455025565239,0,0
1185,27,troy,auditory,57,13,4,4,C,1,F,0,0,0
1185,27,troy,auditory,57,13,4,5,G,1,C,0,0,0
1185,27,troy,auditory,58,10,4,1,A,0,X,0,0,0
1185,27,troy,auditory,58,10,4,2,C,0,A,2.49376558603491,1,1
1185,27,troy,auditory,58,10,4,3,D,0,C,0,0,0
1185,27,troy,auditory,58,10,4,4,F,0,D,0,0,0
1185,27,troy,auditory,58,10,4,5,C,0,F,0,0,0
1185,27,troy,auditory,59,1,4,1,A,1,X,0,0,0
1185,27,troy,auditory,59,1,4,2,C,1,A,0,0,0
1185,27,troy,auditory,59,1,4,3,F,1,C,2.49376558603491,1,1
1185,27,troy,auditory,59,1,4,4,C,1,F,2.49376558603491,0,0
1185,27,troy,auditory,59,1,4,5,G,1,C,2.49376558603491,1,1
1185,27,troy,auditory,60,7,4,1,A,0,X,NaN,0,0
1185,27,troy,auditory,60,7,4,2,C,0,A,NaN,0,0
1185,27,troy,auditory,60,7,4,3,G,0,C,NaN,0,0
1185,27,troy,auditory,60,7,4,4,F,0,G,NaN,0,0
1185,27,troy,auditory,60,7,4,5,C,0,F,NaN,0,0
1185,27,troy,auditory,61,16,4,1,A,1,X,2.49376558603491,1,0
1185,27,troy,auditory,61,16,4,2,D,1,A,0,0,-1
1185,27,troy,auditory,61,16,4,3,C,1,D,0,0,-1
1185,27,troy,auditory,61,16,4,4,G,1,C,0,0,-1
1185,27,troy,auditory,61,16,4,5,C,1,G,4.98753117206983,2,1
1185,27,troy,auditory,62,11,4,1,A,0,X,NaN,0,0
1185,27,troy,auditory,62,11,4,2,G,0,A,NaN,0,0
1185,27,troy,auditory,62,11,4,3,C,0,G,NaN,0,0
1185,27,troy,auditory,62,11,4,4,F,0,C,NaN,0,0
1185,27,troy,auditory,62,11,4,5,C,0,F,NaN,0,0
1185,27,troy,auditory,63,5,4,1,A,0,X,4.03200184604498,1,0
1185,27,troy,auditory,63,5,4,2,C,0,A,2.49376558603491,1,0
1185,27,troy,auditory,63,5,4,3,F,0,C,0,0,-1
1185,27,troy,auditory,63,5,4,4,C,0,F,0,0,-1
1185,27,troy,auditory,63,5,4,5,G,0,C,7.23570122812343,3,2
1185,27,troy,auditory,64,9,4,1,A,0,X,NaN,0,0
1185,27,troy,auditory,64,9,4,2,G,0,A,NaN,0,0
1185,27,troy,auditory,64,9,4,3,F,0,G,NaN,0,0
1185,27,troy,auditory,64,9,4,4,C,0,F,NaN,0,0
1185,27,troy,auditory,64,9,4,5,D,0,C,NaN,0,0
1185,27,troy,auditory,65,16,5,1,A,0,X,NaN,0,0
1185,27,troy,auditory,65,16,5,2,D,0,A,NaN,0,0
1185,27,troy,auditory,65,16,5,3,C,0,D,NaN,0,0
1185,27,troy,auditory,65,16,5,4,G,0,C,NaN,0,0
1185,27,troy,auditory,65,16,5,5,C,0,G,NaN,0,0
1185,27,troy,auditory,66,13,5,1,A,1,X,0,0,0
1185,27,troy,auditory,66,13,5,2,D,1,A,0.0778077120628084,0,0
1185,27,troy,auditory,66,13,5,3,F,1,D,0,0,0
1185,27,troy,auditory,66,13,5,4,C,1,F,0,0,0
1185,27,troy,auditory,66,13,5,5,G,1,C,2.49376558603491,1,1
1185,27,troy,auditory,67,1,5,1,A,1,X,0,0,0
1185,27,troy,auditory,67,1,5,2,C,1,A,0,0,0
1185,27,troy,auditory,67,1,5,3,F,1,C,0,0,0
1185,27,troy,auditory,67,1,5,4,C,1,F,2.49376558603491,1,1
1185,27,troy,auditory,67,1,5,5,G,1,C,4.98753117206982,2,2
1185,27,troy,auditory,68,15,5,1,A,1,X,0,0,0
1185,27,troy,auditory,68,15,5,2,C,1,A,2.49376558603491,1,1
1185,27,troy,auditory,68,15,5,3,F,1,C,0,0,0
1185,27,troy,auditory,68,15,5,4,C,1,F,2.49376558603491,1,1
1185,27,troy,auditory,68,15,5,5,F,1,C,4.98753117206983,2,2
1185,27,troy,auditory,69,11,5,1,A,1,X,4.98753117206983,2,0
1185,27,troy,auditory,69,11,5,2,G,1,A,2.49376558603491,1,-1
1185,27,troy,auditory,69,11,5,3,C,1,G,0,0,-2
1185,27,troy,auditory,69,11,5,4,F,1,C,2.2481700560536,1,-1
1185,27,troy,auditory,69,11,5,5,C,1,F,2.20111426472159,0,-2
1185,27,troy,auditory,70,6,5,1,A,1,X,0,0,0
1185,27,troy,auditory,70,6,5,2,D,1,A,0,0,0
1185,27,troy,auditory,70,6,5,3,C,1,D,4.98753117206983,2,2
1185,27,troy,auditory,70,6,5,4,F,1,C,2.49376558603491,1,1
1185,27,troy,auditory,70,6,5,5,C,1,F,0,0,0
1185,27,troy,auditory,71,8,5,1,A,0,X,NaN,0,0
1185,27,troy,auditory,71,8,5,2,D,0,A,NaN,0,0
1185,27,troy,auditory,71,8,5,3,C,0,D,NaN,0,0
1185,27,troy,auditory,71,8,5,4,G,0,C,NaN,0,0
1185,27,troy,auditory,71,8,5,5,F,0,G,NaN,0,0
1185,27,troy,auditory,72,2,5,1,A,1,X,0,0,0
1185,27,troy,auditory,72,2,5,2,D,1,A,0,0,0
1185,27,troy,auditory,72,2,5,3,C,1,D,4.98753117206982,2,2
1185,27,troy,auditory,72,2,5,4,F,1,C,2.49376558603491,1,1
1185,27,troy,auditory,72,2,5,5,C,1,F,0,0,0
1185,27,troy,auditory,73,3,5,1,A,1,X,0,0,0
1185,27,troy,auditory,73,3,5,2,C,1,A,0,0,0
1185,27,troy,auditory,73,3,5,3,G,1,C,2.49376558603491,1,1
1185,27,troy,auditory,73,3,5,4,F,1,G,2.49376558603491,1,1
1185,27,troy,auditory,73,3,5,5,C,1,F,2.49376558603491,1,1
1185,27,troy,auditory,74,5,5,1,A,1,X,0,0,0
1185,27,troy,auditory,74,5,5,2,C,1,A,0,0,0
1185,27,troy,auditory,74,5,5,3,F,1,C,0,0,0
1185,27,troy,auditory,74,5,5,4,C,1,F,4.98753117206982,2,2
1185,27,troy,auditory,74,5,5,5,G,1,C,2.49376558603491,1,1
1185,27,troy,auditory,75,4,5,1,A,0,X,0.0778077120628084,0,0
1185,27,troy,auditory,75,4,5,2,D,0,A,0,0,0
1185,27,troy,auditory,75,4,5,3,C,0,D,0,0,0
1185,27,troy,auditory,75,4,5,4,G,0,C,2.49376558603491,1,1
1185,27,troy,auditory,75,4,5,5,F,0,G,7.48129675810474,3,3
1185,27,troy,auditory,76,10,5,1,A,1,X,2.49376558603491,1,0
1185,27,troy,auditory,76,10,5,2,C,1,A,4.98753117206982,2,1
1185,27,troy,auditory,76,10,5,3,D,1,C,4.98753117206983,2,1
1185,27,troy,auditory,76,10,5,4,F,1,D,0,0,-1
1185,27,troy,auditory,76,10,5,5,C,1,F,0,0,-1
1185,27,troy,auditory,77,12,5,1,A,1,X,0,0,0
1185,27,troy,auditory,77,12,5,2,F,1,A,2.49376558603491,1,1
1185,27,troy,auditory,77,12,5,3,C,1,F,2.49376558603491,1,1
1185,27,troy,auditory,77,12,5,4,G,1,C,0,0,0
1185,27,troy,auditory,77,12,5,5,C,1,G,2.49376558603491,1,1
1185,27,troy,auditory,78,14,5,1,A,1,X,0,0,0
1185,27,troy,auditory,78,14,5,2,D,1,A,0,0,0
1185,27,troy,auditory,78,14,5,3,G,1,D,0,0,0
1185,27,troy,auditory,78,14,5,4,F,1,G,0,0,0
1185,27,troy,auditory,78,14,5,5,C,1,F,0,0,0
1185,27,troy,auditory,79,7,5,1,A,1,X,4.98753117206983,2,0
1185,27,troy,auditory,79,7,5,2,C,1,A,2.49376558603491,1,-1
1185,27,troy,auditory,79,7,5,3,G,1,C,2.49376558603491,1,-1
1185,27,troy,auditory,79,7,5,4,F,1,G,0,0,-2
1185,27,troy,auditory,79,7,5,5,C,1,F,0,0,-2
1185,27,troy,auditory,80,9,5,1,A,1,X,0,0,0
1185,27,troy,auditory,80,9,5,2,G,1,A,0,0,0
1185,27,troy,auditory,80,9,5,3,F,1,G,0,0,0
1185,27,troy,auditory,80,9,5,4,C,1,F,0,0,0
1185,27,troy,auditory,80,9,5,5,D,1,C,0,0,0
1185,27,troy,auditory,81,8,6,1,A,1,X,2.49376558603491,1,0
1185,27,troy,auditory,81,8,6,2,D,1,A,7.48129675810474,3,2
1185,27,troy,auditory,81,8,6,3,C,1,D,0,0,-1
1185,27,troy,auditory,81,8,6,4,G,1,C,0,0,-1
1185,27,troy,auditory,81,8,6,5,F,1,G,3.87477399523744,2,1
1185,27,troy,auditory,82,14,6,1,A,1,X,2.49376558603491,1,0
1185,27,troy,auditory,82,14,6,2,D,1,A,0,0,-1
1185,27,troy,auditory,82,14,6,3,G,1,D,0,0,-1
1185,27,troy,auditory,82,14,6,4,F,1,G,0,0,-1
1185,27,troy,auditory,82,14,6,5,C,1,F,2.49376558603491,1,0
1185,27,troy,auditory,83,16,6,1,A,1,X,2.49376558603491,1,0
1185,27,troy,auditory,83,16,6,2,D,1,A,2.49376558603491,1,0
1185,27,troy,auditory,83,16,6,3,C,1,D,0,0,-1
1185,27,troy,auditory,83,16,6,4,G,1,C,0,0,-1
1185,27,troy,auditory,83,16,6,5,C,1,G,2.49376558603491,1,0
1185,27,troy,auditory,84,9,6,1,A,0,X,0,0,0
1185,27,troy,auditory,84,9,6,2,G,0,A,2.49376558603491,1,1
1185,27,troy,auditory,84,9,6,3,F,0,G,2.49376558603491,1,1
1185,27,troy,auditory,84,9,6,4,C,0,F,2.49376558603491,1,1
1185,27,troy,auditory,84,9,6,5,D,0,C,0,0,0
1185,27,troy,auditory,85,7,6,1,A,1,X,2.49376558603491,1,0
1185,27,troy,auditory,85,7,6,2,C,1,A,2.15777039538685,1,0
1185,27,troy,auditory,85,7,6,3,G,1,C,2.49376558603491,1,0
1185,27,troy,auditory,85,7,6,4,F,1,G,0,0,-1
1185,27,troy,auditory,85,7,6,5,C,1,F,2.49376558603491,1,0
1185,27,troy,auditory,86,1,6,1,A,1,X,0,0,0
1185,27,troy,auditory,86,1,6,2,C,1,A,2.49376558603491,1,1
1185,27,troy,auditory,86,1,6,3,F,1,C,2.49376558603491,1,1
1185,27,troy,auditory,86,1,6,4,C,1,F,2.49376558603491,1,1
1185,27,troy,auditory,86,1,6,5,G,1,C,0,0,0
1185,27,troy,auditory,87,5,6,1,A,1,X,4.98753117206983,2,0
1185,27,troy,auditory,87,5,6,2,C,1,A,0,0,-2
1185,27,troy,auditory,87,5,6,3,F,1,C,0,0,-2
1185,27,troy,auditory,87,5,6,4,C,1,F,2.49376558603491,1,-1
1185,27,troy,auditory,87,5,6,5,G,1,C,2.49376558603491,1,-1
1185,27,troy,auditory,88,2,6,1,A,1,X,0,0,0
1185,27,troy,auditory,88,2,6,2,D,1,A,0,0,0
1185,27,troy,auditory,88,2,6,3,C,1,D,2.49376558603491,1,1
1185,27,troy,auditory,88,2,6,4,F,1,C,2.49376558603491,1,1
1185,27,troy,auditory,88,2,6,5,C,1,F,4.98753117206982,2,2
1185,27,troy,auditory,89,11,6,1,A,1,X,0,0,0
1185,27,troy,auditory,89,11,6,2,G,1,A,0,0,0
1185,27,troy,auditory,89,11,6,3,C,1,G,0,0,0
1185,27,troy,auditory,89,11,6,4,F,1,C,2.49376558603491,1,1
1185,27,troy,auditory,89,11,6,5,C,1,F,2.49376558603491,1,1
1185,27,troy,auditory,90,10,6,1,A,0,X,2.49376558603491,1,0
1185,27,troy,auditory,90,10,6,2,C,0,A,0,0,-1
1185,27,troy,auditory,90,10,6,3,D,0,C,0,0,-1
1185,27,troy,auditory,90,10,6,4,F,0,D,0,0,-1
1185,27,troy,auditory,90,10,6,5,C,0,F,1.85814242732134,0,-1
1185,27,troy,auditory,91,12,6,1,A,1,X,0,0,0
1185,27,troy,auditory,91,12,6,2,F,1,A,4.98753117206983,2,2
1185,27,troy,auditory,91,12,6,3,C,1,F,2.49376558603491,1,1
1185,27,troy,auditory,91,12,6,4,G,1,C,0,0,0
1185,27,troy,auditory,91,12,6,5,C,1,G,0,0,0
1185,27,troy,auditory,92,3,6,1,A,1,X,0,0,0
1185,27,troy,auditory,92,3,6,2,C,1,A,1.24760098575461,0,0
1185,27,troy,auditory,92,3,6,3,G,1,C,2.49376558603491,1,1
1185,27,troy,auditory,92,3,6,4,F,1,G,0,0,0
1185,27,troy,auditory,92,3,6,5,C,1,F,2.49376558603491,1,1
1185,27,troy,auditory,93,13,6,1,A,0,X,NaN,0,0
1185,27,troy,auditory,93,13,6,2,D,0,A,NaN,0,0
1185,27,troy,auditory,93,13,6,3,F,0,D,NaN,0,0
1185,27,troy,auditory,93,13,6,4,C,0,F,NaN,0,0
1185,27,troy,auditory,93,13,6,5,G,0,C,NaN,0,0
1185,27,troy,auditory,94,6,6,1,A,1,X,2.49376558603491,1,0
1185,27,troy,auditory,94,6,6,2,D,1,A,4.98753117206982,2,1
1185,27,troy,auditory,94,6,6,3,C,1,D,0,0,-1
1185,27,troy,auditory,94,6,6,4,F,1,C,0,0,-1
1185,27,troy,auditory,94,6,6,5,C,1,F,0,0,-1
1185,27,troy,auditory,95,15,6,1,A,1,X,2.49376558603491,1,0
1185,27,troy,auditory,95,15,6,2,C,1,A,0,0,-1
1185,27,troy,auditory,95,15,6,3,F,1,C,0,0,-1
1185,27,troy,auditory,95,15,6,4,C,1,F,4.98753117206982,2,1
1185,27,troy,auditory,95,15,6,5,F,1,C,2.49376558603491,1,0
1185,27,troy,auditory,96,4,6,1,A,1,X,2.49376558603491,1,0
1185,27,troy,auditory,96,4,6,2,D,1,A,0,0,-1
1185,27,troy,auditory,96,4,6,3,C,1,D,0,0,-1
1185,27,troy,auditory,96,4,6,4,G,1,C,2.49376558603491,1,0
1185,27,troy,auditory,96,4,6,5,F,1,G,0,0,-1
1185,27,troy,auditory,97,4,7,1,A,0,X,0,0,0
1185,27,troy,auditory,97,4,7,2,D,0,A,2.49376558603491,1,1
1185,27,troy,auditory,97,4,7,3,C,0,D,0,0,0
1185,27,troy,auditory,97,4,7,4,G,0,C,0,0,0
1185,27,troy,auditory,97,4,7,5,F,0,G,0,0,0
1185,27,troy,auditory,98,2,7,1,A,0,X,NaN,0,0
1185,27,troy,auditory,98,2,7,2,D,0,A,NaN,0,0
1185,27,troy,auditory,98,2,7,3,C,0,D,NaN,0,0
1185,27,troy,auditory,98,2,7,4,F,0,C,NaN,0,0
1185,27,troy,auditory,98,2,7,5,C,0,F,NaN,0,0
1185,27,troy,auditory,99,7,7,1,A,1,X,2.49376558603491,1,0
1185,27,troy,auditory,99,7,7,2,C,1,A,4.98753117206983,2,1
1185,27,troy,auditory,99,7,7,3,G,1,C,4.98753117206983,2,1
1185,27,troy,auditory,99,7,7,4,F,1,G,0,0,-1
1185,27,troy,auditory,99,7,7,5,C,1,F,0,0,-1
1185,27,troy,auditory,100,6,7,1,A,1,X,2.49376558603491,1,0
1185,27,troy,auditory,100,6,7,2,D,1,A,2.49376558603491,1,0
1185,27,troy,auditory,100,6,7,3,C,1,D,2.49376558603491,1,0
1185,27,troy,auditory,100,6,7,4,F,1,C,0,0,-1
1185,27,troy,auditory,100,6,7,5,C,1,F,0.335995190648064,0,-1
1185,27,troy,auditory,101,14,7,1,A,1,X,0,0,0
1185,27,troy,auditory,101,14,7,2,D,1,A,2.49376558603491,1,1
1185,27,troy,auditory,101,14,7,3,G,1,D,0,0,0
1185,27,troy,auditory,101,14,7,4,F,1,G,2.49376558603491,1,1
1185,27,troy,auditory,101,14,7,5,C,1,F,2.49376558603491,1,1
1185,27,troy,auditory,102,15,7,1,A,1,X,0,0,0
1185,27,troy,auditory,102,15,7,2,C,1,A,0,0,0
1185,27,troy,auditory,102,15,7,3,F,1,C,2.49376558603491,1,1
1185,27,troy,auditory,102,15,7,4,C,1,F,0,0,0
1185,27,troy,auditory,102,15,7,5,F,1,C,2.49376558603491,1,1
1185,27,troy,auditory,103,5,7,1,A,1,X,0,0,0
1185,27,troy,auditory,103,5,7,2,C,1,A,0,0,0
1185,27,troy,auditory,103,5,7,3,F,1,C,2.49376558603491,1,1
1185,27,troy,auditory,103,5,7,4,C,1,F,2.49376558603491,1,1
1185,27,troy,auditory,103,5,7,5,G,1,C,2.49376558603491,1,1
1185,27,troy,auditory,104,12,7,1,A,1,X,0,0,0
1185,27,troy,auditory,104,12,7,2,F,1,A,0,0,0
1185,27,troy,auditory,104,12,7,3,C,1,F,0,0,0
1185,27,troy,auditory,104,12,7,4,G,1,C,2.49376558603491,1,1
1185,27,troy,auditory,104,12,7,5,C,1,G,0,0,0
1185,27,troy,auditory,105,11,7,1,A,1,X,2.49376558603491,1,0
1185,27,troy,auditory,105,11,7,2,G,1,A,2.82976077668298,1,0
1185,27,troy,auditory,105,11,7,3,C,1,G,0,0,-1
1185,27,troy,auditory,105,11,7,4,F,1,C,0,0,-1
1185,27,troy,auditory,105,11,7,5,C,1,F,0,0,-1
1185,27,troy,auditory,106,1,7,1,A,0,X,NaN,0,0
1185,27,troy,auditory,106,1,7,2,C,0,A,NaN,0,0
1185,27,troy,auditory,106,1,7,3,F,0,C,NaN,0,0
1185,27,troy,auditory,106,1,7,4,C,0,F,NaN,0,0
1185,27,troy,auditory,106,1,7,5,G,0,C,NaN,0,0
1185,27,troy,auditory,107,16,7,1,A,1,X,0,0,0
1185,27,troy,auditory,107,16,7,2,D,1,A,0,0,0
1185,27,troy,auditory,107,16,7,3,C,1,D,0,0,0
1185,27,troy,auditory,107,16,7,4,G,1,C,2.49376558603491,1,1
1185,27,troy,auditory,107,16,7,5,C,1,G,0,0,0
1185,27,troy,auditory,108,9,7,1,A,1,X,0,0,0
1185,27,troy,auditory,108,9,7,2,G,1,A,0,0,0
1185,27,troy,auditory,108,9,7,3,F,1,G,0,0,0
1185,27,troy,auditory,108,9,7,4,C,1,F,0,0,0
1185,27,troy,auditory,108,9,7,5,D,1,C,1.10443726520201,1,1
1185,27,troy,auditory,109,10,7,1,A,1,X,0,0,0
1185,27,troy,auditory,109,10,7,2,C,1,A,1.85779946391215,1,1
1185,27,troy,auditory,109,10,7,3,D,1,C,0,0,0
1185,27,troy,auditory,109,10,7,4,F,1,D,2.49376558603491,1,1
1185,27,troy,auditory,109,10,7,5,C,1,F,0,0,0
1185,27,troy,auditory,110,8,7,1,A,1,X,0,0,0
1185,27,troy,auditory,110,8,7,2,D,1,A,4.98753117206983,2,2
1185,27,troy,auditory,110,8,7,3,C,1,D,0,0,0
1185,27,troy,auditory,110,8,7,4,G,1,C,2.49376558603491,1,1
1185,27,troy,auditory,110,8,7,5,F,1,G,0,0,0
1185,27,troy,auditory,111,13,7,1,A,1,X,0,0,0
1185,27,troy,auditory,111,13,7,2,D,1,A,2.49376558603491,1,1
1185,27,troy,auditory,111,13,7,3,F,1,D,0,0,0
1185,27,troy,auditory,111,13,7,4,C,1,F,4.98753117206982,2,2
1185,27,troy,auditory,111,13,7,5,G,1,C,0,0,0
1185,27,troy,auditory,112,3,7,1,A,1,X,2.49376558603491,1,0
1185,27,troy,auditory,112,3,7,2,C,1,A,0,0,-1
1185,27,troy,auditory,112,3,7,3,G,1,C,0,0,-1
1185,27,troy,auditory,112,3,7,4,F,1,G,2.49376558603491,1,0
1185,27,troy,auditory,112,3,7,5,C,1,F,0,0,-1
1185,27,troy,auditory,113,2,8,1,A,1,X,2.49376558603491,1,0
1185,27,troy,auditory,113,2,8,2,D,1,A,2.49376558603491,1,0
1185,27,troy,auditory,113,2,8,3,C,1,D,3.29299780541048,2,1
1185,27,troy,auditory,113,2,8,4,F,1,C,3.59820285123692,2,1
1185,27,troy,auditory,113,2,8,5,C,1,F,4.98753117206983,2,1
1185,27,troy,auditory,114,8,8,1,A,0,X,NaN,0,0
1185,27,troy,auditory,114,8,8,2,D,0,A,NaN,0,0
1185,27,troy,auditory,114,8,8,3,C,0,D,NaN,0,0
1185,27,troy,auditory,114,8,8,4,G,0,C,NaN,0,0
1185,27,troy,auditory,114,8,8,5,F,0,G,NaN,0,0
1185,27,troy,auditory,115,15,8,1,A,1,X,0,0,0
1185,27,troy,auditory,115,15,8,2,C,1,A,2.49376558603491,1,1
1185,27,troy,auditory,115,15,8,3,F,1,C,0,0,0
1185,27,troy,auditory,115,15,8,4,C,1,F,0,0,0
1185,27,troy,auditory,115,15,8,5,F,1,C,0,0,0
1185,27,troy,auditory,116,11,8,1,A,1,X,0,0,0
1185,27,troy,auditory,116,11,8,2,G,1,A,0,0,0
1185,27,troy,auditory,116,11,8,3,C,1,G,0,0,0
1185,27,troy,auditory,116,11,8,4,F,1,C,0,0,0
1185,27,troy,auditory,116,11,8,5,C,1,F,0,0,0
1185,27,troy,auditory,117,13,8,1,A,1,X,0,0,0
1185,27,troy,auditory,117,13,8,2,D,1,A,4.98753117206983,2,2
1185,27,troy,auditory,117,13,8,3,F,1,D,2.49376558603491,1,1
1185,27,troy,auditory,117,13,8,4,C,1,F,0,0,0
1185,27,troy,auditory,117,13,8,5,G,1,C,0,0,0
1185,27,troy,auditory,118,3,8,1,A,1,X,0,0,0
1185,27,troy,auditory,118,3,8,2,C,1,A,0,0,0
1185,27,troy,auditory,118,3,8,3,G,1,C,0,0,0
1185,27,troy,auditory,118,3,8,4,F,1,G,2.49376558603491,1,1
1185,27,troy,auditory,118,3,8,5,C,1,F,0,0,0
1185,27,troy,auditory,119,1,8,1,A,1,X,0,0,0
1185,27,troy,auditory,119,1,8,2,C,1,A,0,0,0
1185,27,troy,auditory,119,1,8,3,F,1,C,7.48129675810474,3,3
1185,27,troy,auditory,119,1,8,4,C,1,F,0,0,0
1185,27,troy,auditory,119,1,8,5,G,1,C,0,0,0
1185,27,troy,auditory,120,14,8,1,A,1,X,0,0,0
1185,27,troy,auditory,120,14,8,2,D,1,A,4.98753117206983,2,2
1185,27,troy,auditory,120,14,8,3,G,1,D,0,0,0
1185,27,troy,auditory,120,14,8,4,F,1,G,0,0,0
1185,27,troy,auditory,120,14,8,5,C,1,F,2.49376558603491,1,1
1185,27,troy,auditory,121,16,8,1,A,1,X,0,0,0
1185,27,troy,auditory,121,16,8,2,D,1,A,0,0,0
1185,27,troy,auditory,121,16,8,3,C,1,D,4.98753117206982,2,2
1185,27,troy,auditory,121,16,8,4,G,1,C,2.49376558603491,1,1
1185,27,troy,auditory,121,16,8,5,C,1,G,0,0,0
1185,27,troy,auditory,122,5,8,1,A,1,X,0,0,0
1185,27,troy,auditory,122,5,8,2,C,1,A,2.49376558603491,1,1
1185,27,troy,auditory,122,5,8,3,F,1,C,0,0,0
1185,27,troy,auditory,122,5,8,4,C,1,F,2.49376558603491,1,1
1185,27,troy,auditory,122,5,8,5,G,1,C,2.49376558603491,1,1
1185,27,troy,auditory,123,7,8,1,A,0,X,NaN,0,0
1185,27,troy,auditory,123,7,8,2,C,0,A,NaN,0,0
1185,27,troy,auditory,123,7,8,3,G,0,C,NaN,0,0
1185,27,troy,auditory,123,7,8,4,F,0,G,NaN,0,0
1185,27,troy,auditory,123,7,8,5,C,0,F,NaN,0,0
1185,27,troy,auditory,124,6,8,1,A,1,X,2.49376558603491,1,0
1185,27,troy,auditory,124,6,8,2,D,1,A,0,0,-1
1185,27,troy,auditory,124,6,8,3,C,1,D,0,0,-1
1185,27,troy,auditory,124,6,8,4,F,1,C,2.49376558603491,1,0
1185,27,troy,auditory,124,6,8,5,C,1,F,2.49376558603491,1,0
1185,27,troy,auditory,125,10,8,1,A,0,X,NaN,0,0
1185,27,troy,auditory,125,10,8,2,C,0,A,NaN,0,0
1185,27,troy,auditory,125,10,8,3,D,0,C,NaN,0,0
1185,27,troy,auditory,125,10,8,4,F,0,D,NaN,0,0
1185,27,troy,auditory,125,10,8,5,C,0,F,NaN,0,0
1185,27,troy,auditory,126,9,8,1,A,1,X,0,0,0
1185,27,troy,auditory,126,9,8,2,G,1,A,0,0,0
1185,27,troy,auditory,126,9,8,3,F,1,G,9.97506234413965,4,4
1185,27,troy,auditory,126,9,8,4,C,1,F,0,0,0
1185,27,troy,auditory,126,9,8,5,D,1,C,2.49376558603491,1,1
1185,27,troy,auditory,127,12,8,1,A,1,X,0,0,0
1185,27,troy,auditory,127,12,8,2,F,1,A,2.49376558603491,1,1
1185,27,troy,auditory,127,12,8,3,C,1,F,0,0,0
1185,27,troy,auditory,127,12,8,4,G,1,C,0,0,0
1185,27,troy,auditory,127,12,8,5,C,1,G,0,0,0
1185,27,troy,auditory,128,4,8,1,A,1,X,4.98753117206983,2,0
1185,27,troy,auditory,128,4,8,2,D,1,A,0,0,-2
1185,27,troy,auditory,128,4,8,3,C,1,D,0,0,-2
1185,27,troy,auditory,128,4,8,4,G,1,C,0.799232219375569,1,-1
1185,27,troy,auditory,128,4,8,5,F,1,G,0,0,-2
1185,27,troy,auditory,129,15,9,1,A,0,X,NaN,0,0
1185,27,troy,auditory,129,15,9,2,C,0,A,NaN,0,0
1185,27,troy,auditory,129,15,9,3,F,0,C,NaN,0,0
1185,27,troy,auditory,129,15,9,4,C,0,F,NaN,0,0
1185,27,troy,auditory,129,15,9,5,F,0,C,NaN,0,0
1185,27,troy,auditory,130,10,9,1,A,1,X,0,0,0
1185,27,troy,auditory,130,10,9,2,C,1,A,0,0,0
1185,27,troy,auditory,130,10,9,3,D,1,C,0,0,0
1185,27,troy,auditory,130,10,9,4,F,1,D,2.49376558603491,1,1
1185,27,troy,auditory,130,10,9,5,C,1,F,2.49376558603491,1,1
1185,27,troy,auditory,131,13,9,1,A,1,X,0,0,0
1185,27,troy,auditory,131,13,9,2,D,1,A,2.49376558603491,1,1
1185,27,troy,auditory,131,13,9,3,F,1,D,0,0,0
1185,27,troy,auditory,131,13,9,4,C,1,F,0,0,0
1185,27,troy,auditory,131,13,9,5,G,1,C,2.49376558603491,1,1
1185,27,troy,auditory,132,4,9,1,A,1,X,2.49376558603491,1,0
1185,27,troy,auditory,132,4,9,2,D,1,A,0,0,-1
1185,27,troy,auditory,132,4,9,3,C,1,D,0,0,-1
1185,27,troy,auditory,132,4,9,4,G,1,C,0,0,-1
1185,27,troy,auditory,132,4,9,5,F,1,G,0,0,-1
1185,27,troy,auditory,133,1,9,1,A,1,X,2.49376558603491,1,0
1185,27,troy,auditory,133,1,9,2,C,1,A,1.74738531403886,1,0
1185,27,troy,auditory,133,1,9,3,F,1,C,2.49376558603491,1,0
1185,27,troy,auditory,133,1,9,4,C,1,F,4.98753117206983,2,1
1185,27,troy,auditory,133,1,9,5,G,1,C,0,0,-1
1185,27,troy,auditory,134,12,9,1,A,1,X,0,0,0
1185,27,troy,auditory,134,12,9,2,F,1,A,2.62094075377989,2,2
1185,27,troy,auditory,134,12,9,3,C,1,F,2.49376558603491,1,1
1185,27,troy,auditory,134,12,9,4,G,1,C,1.38100840920253,1,1
1185,27,troy,auditory,134,12,9,5,C,1,G,0,0,0
1185,27,troy,auditory,135,2,9,1,A,1,X,0,0,0
1185,27,troy,auditory,135,2,9,2,D,1,A,0,0,0
1185,27,troy,auditory,135,2,9,3,C,1,D,0,0,0
1185,27,troy,auditory,135,2,9,4,F,1,C,0,0,0
1185,27,troy,auditory,135,2,9,5,C,1,F,0,0,0
1185,27,troy,auditory,136,7,9,1,A,1,X,0,0,0
1185,27,troy,auditory,136,7,9,2,C,1,A,2.49376558603491,1,1
1185,27,troy,auditory,136,7,9,3,G,1,C,0,0,0
1185,27,troy,auditory,136,7,9,4,F,1,G,2.49376558603491,1,1
1185,27,troy,auditory,136,7,9,5,C,1,F,0,0,0
1185,27,troy,auditory,137,8,9,1,A,1,X,0,0,0
1185,27,troy,auditory,137,8,9,2,D,1,A,0,0,0
1185,27,troy,auditory,137,8,9,3,C,1,D,7.48129675810474,3,3
1185,27,troy,auditory,137,8,9,4,G,1,C,2.49376558603491,1,1
1185,27,troy,auditory,137,8,9,5,F,1,G,0,0,0
1185,27,troy,auditory,138,11,9,1,A,1,X,4.98753117206982,2,0
1185,27,troy,auditory,138,11,9,2,G,1,A,0,0,-2
1185,27,troy,auditory,138,11,9,3,C,1,G,2.49376558603491,1,-1
1185,27,troy,auditory,138,11,9,4,F,1,C,2.49376558603491,1,-1
1185,27,troy,auditory,138,11,9,5,C,1,F,0,0,-2
1185,27,troy,auditory,139,16,9,1,A,0,X,NaN,0,0
1185,27,troy,auditory,139,16,9,2,D,0,A,NaN,0,0
1185,27,troy,auditory,139,16,9,3,C,0,D,NaN,0,0
1185,27,troy,auditory,139,16,9,4,G,0,C,NaN,0,0
1185,27,troy,auditory,139,16,9,5,C,0,G,NaN,0,0
1185,27,troy,auditory,140,14,9,1,A,0,X,NaN,0,0
1185,27,troy,auditory,140,14,9,2,D,0,A,NaN,0,0
1185,27,troy,auditory,140,14,9,3,G,0,D,NaN,0,0
1185,27,troy,auditory,140,14,9,4,F,0,G,NaN,0,0
1185,27,troy,auditory,140,14,9,5,C,0,F,NaN,0,0
1185,27,troy,auditory,141,5,9,1,A,0,X,NaN,0,0
1185,27,troy,auditory,141,5,9,2,C,0,A,NaN,0,0
1185,27,troy,auditory,141,5,9,3,F,0,C,NaN,0,0
1185,27,troy,auditory,141,5,9,4,C,0,F,NaN,0,0
1185,27,troy,auditory,141,5,9,5,G,0,C,NaN,0,0
1185,27,troy,auditory,142,3,9,1,A,1,X,2.49376558603491,1,0
1185,27,troy,auditory,142,3,9,2,C,1,A,0,0,-1
1185,27,troy,auditory,142,3,9,3,G,1,C,0,0,-1
1185,27,troy,auditory,142,3,9,4,F,1,G,0,0,-1
1185,27,troy,auditory,142,3,9,5,C,1,F,0,0,-1
1185,27,troy,auditory,143,6,9,1,A,1,X,0,0,0
1185,27,troy,auditory,143,6,9,2,D,1,A,0,0,0
1185,27,troy,auditory,143,6,9,3,C,1,D,2.49376558603491,1,1
1185,27,troy,auditory,143,6,9,4,F,1,C,0,0,0
1185,27,troy,auditory,143,6,9,5,C,1,F,0,0,0
1185,27,troy,auditory,144,9,9,1,A,1,X,0,0,0
1185,27,troy,auditory,144,9,9,2,G,1,A,4.98753117206983,2,2
1185,27,troy,auditory,144,9,9,3,F,1,G,2.49376558603491,1,1
1185,27,troy,auditory,144,9,9,4,C,1,F,2.49376558603491,1,1
1185,27,troy,auditory,144,9,9,5,D,1,C,0,0,0
1185,27,troy,auditory,145,13,10,1,A,1,X,0,0,0
1185,27,troy,auditory,145,13,10,2,D,1,A,0.335995190648064,0,0
1185,27,troy,auditory,145,13,10,3,F,1,D,4.98753117206983,2,2
1185,27,troy,auditory,145,13,10,4,C,1,F,0,0,0
1185,27,troy,auditory,145,13,10,5,G,1,C,0,0,0
1185,27,troy,auditory,146,3,10,1,A,1,X,2.49376558603491,1,0
1185,27,troy,auditory,146,3,10,2,C,1,A,2.49376558603491,1,0
1185,27,troy,auditory,146,3,10,3,G,1,C,0,0,-1
1185,27,troy,auditory,146,3,10,4,F,1,G,0,0,-1
1185,27,troy,auditory,146,3,10,5,C,1,F,0,0,-1
1185,27,troy,auditory,147,2,10,1,A,1,X,0,0,0
1185,27,troy,auditory,147,2,10,2,D,1,A,0,0,0
1185,27,troy,auditory,147,2,10,3,C,1,D,7.48129675810474,3,3
1185,27,troy,auditory,147,2,10,4,F,1,C,0,0,0
1185,27,troy,auditory,147,2,10,5,C,1,F,2.49376558603491,1,1
1185,27,troy,auditory,148,1,10,1,A,0,X,2.49376558603491,1,0
1185,27,troy,auditory,148,1,10,2,C,0,A,0,0,-1
1185,27,troy,auditory,148,1,10,3,F,0,C,0,0,-1
1185,27,troy,auditory,148,1,10,4,C,0,F,0,0,-1
1185,27,troy,auditory,148,1,10,5,G,0,C,0,0,-1
1185,27,troy,auditory,149,7,10,1,A,1,X,0,0,0
1185,27,troy,auditory,149,7,10,2,C,1,A,0,0,0
1185,27,troy,auditory,149,7,10,3,G,1,C,4.98753117206983,2,2
1185,27,troy,auditory,149,7,10,4,F,1,G,2.49376558603491,1,1
1185,27,troy,auditory,149,7,10,5,C,1,F,2.49376558603491,1,1
1185,27,troy,auditory,150,14,10,1,A,1,X,2.49376558603491,1,0
1185,27,troy,auditory,150,14,10,2,D,1,A,0,0,-1
1185,27,troy,auditory,150,14,10,3,G,1,D,2.49376558603491,1,0
1185,27,troy,auditory,150,14,10,4,F,1,G,7.48129675810474,3,2
1185,27,troy,auditory,150,14,10,5,C,1,F,0,0,-1
1185,27,troy,auditory,151,15,10,1,A,1,X,4.98753117206983,2,0
1185,27,troy,auditory,151,15,10,2,C,1,A,0,0,-2
1185,27,troy,auditory,151,15,10,3,F,1,C,0,0,-2
1185,27,troy,auditory,151,15,10,4,C,1,F,0,0,-2
1185,27,troy,auditory,151,15,10,5,F,1,C,0,0,-2
1185,27,troy,auditory,152,11,10,1,A,1,X,0,0,0
1185,27,troy,auditory,152,11,10,2,G,1,A,0,0,0
1185,27,troy,auditory,152,11,10,3,C,1,G,0,0,0
1185,27,troy,auditory,152,11,10,4,F,1,C,0,0,0
1185,27,troy,auditory,152,11,10,5,C,1,F,4.98753117206982,2,2
1185,27,troy,auditory,153,10,10,1,A,0,X,NaN,0,0
1185,27,troy,auditory,153,10,10,2,C,0,A,NaN,0,0
1185,27,troy,auditory,153,10,10,3,D,0,C,NaN,0,0
1185,27,troy,auditory,153,10,10,4,F,0,D,NaN,0,0
1185,27,troy,auditory,153,10,10,5,C,0,F,NaN,0,0
1185,27,troy,auditory,154,9,10,1,A,1,X,0,0,0
1185,27,troy,auditory,154,9,10,2,G,1,A,0,0,0
1185,27,troy,auditory,154,9,10,3,F,1,G,0,0,0
1185,27,troy,auditory,154,9,10,4,C,1,F,0,0,0
1185,27,troy,auditory,154,9,10,5,D,1,C,0,0,0
1185,27,troy,auditory,155,16,10,1,A,1,X,0,0,0
1185,27,troy,auditory,155,16,10,2,D,1,A,0,0,0
1185,27,troy,auditory,155,16,10,3,C,1,D,2.49376558603491,1,1
1185,27,troy,auditory,155,16,10,4,G,1,C,7.48129675810474,3,3
1185,27,troy,auditory,155,16,10,5,C,1,G,2.49376558603491,1,1
1185,27,troy,auditory,156,4,10,1,A,1,X,2.49376558603491,1,0
1185,27,troy,auditory,156,4,10,2,D,1,A,7.60847192584971,4,3
1185,27,troy,auditory,156,4,10,3,C,1,D,0,0,-1
1185,27,troy,auditory,156,4,10,4,G,1,C,2.49376558603491,1,0
1185,27,troy,auditory,156,4,10,5,F,1,G,4.98753117206983,2,1
1185,27,troy,auditory,157,12,10,1,A,1,X,0,0,0
1185,27,troy,auditory,157,12,10,2,F,1,A,0,0,0
1185,27,troy,auditory,157,12,10,3,C,1,F,2.49376558603491,1,1
1185,27,troy,auditory,157,12,10,4,G,1,C,0,0,0
1185,27,troy,auditory,157,12,10,5,C,1,G,0,0,0
1185,27,troy,auditory,158,6,10,1,A,1,X,0,0,0
1185,27,troy,auditory,158,6,10,2,D,1,A,0,0,0
1185,27,troy,auditory,158,6,10,3,C,1,D,4.98753117206983,2,2
1185,27,troy,auditory,158,6,10,4,F,1,C,0,0,0
1185,27,troy,auditory,158,6,10,5,C,1,F,0.984479770715146,0,0
1185,27,troy,auditory,159,8,10,1,A,1,X,2.49376558603491,1,0
1185,27,troy,auditory,159,8,10,2,D,1,A,0,0,-1
1185,27,troy,auditory,159,8,10,3,C,1,D,0,0,-1
1185,27,troy,auditory,159,8,10,4,G,1,C,2.49376558603491,1,0
1185,27,troy,auditory,159,8,10,5,F,1,G,2.49376558603491,1,0
1185,27,troy,auditory,160,5,10,1,A,0,X,0,0,0
1185,27,troy,auditory,160,5,10,2,C,0,A,0.46563052444525,1,1
1185,27,troy,auditory,160,5,10,3,F,0,C,0,0,0
1185,27,troy,auditory,160,5,10,4,C,0,F,0,0,0
1185,27,troy,auditory,160,5,10,5,G,0,C,0,0,0
