neuron_i,session_i,monkey,area,trial,seq_idx,seq_rep_n,seq_pos,elem_id,rwd_trial,prev_elem,average_win_fr,average_win_spkCount,average_win_delta_spkCount
10,1,troy,auditory,1,16,1,1,A,0,X,7.48129675810474,2,0
10,1,troy,auditory,1,16,1,2,D,0,A,12.4688279301746,5,3
10,1,troy,auditory,1,16,1,3,C,0,D,17.9872958860603,7,5
10,1,troy,auditory,1,16,1,4,G,0,C,16.343601925412,7,5
10,1,troy,auditory,1,16,1,5,C,0,G,4.98753117206982,2,0
10,1,troy,auditory,2,5,1,1,A,0,X,2.49376558603491,1,0
10,1,troy,auditory,2,5,1,2,C,0,A,14.8354183484645,5,4
10,1,troy,auditory,2,5,1,3,F,0,C,14.9625935162095,7,6
10,1,troy,auditory,2,5,1,4,C,0,F,17.4563591022444,7,6
10,1,troy,auditory,2,5,1,5,G,0,C,9.97506234413965,4,3
10,1,troy,auditory,3,15,1,1,A,0,X,NaN,0,0
10,1,troy,auditory,3,15,1,2,C,0,A,NaN,0,0
10,1,troy,auditory,3,15,1,3,F,0,C,NaN,0,0
10,1,troy,auditory,3,15,1,4,C,0,F,NaN,0,0
10,1,troy,auditory,3,15,1,5,F,0,C,NaN,0,0
10,1,troy,auditory,4,2,1,1,A,1,X,7.48129675810474,3,0
10,1,troy,auditory,4,2,1,2,D,1,A,7.48129675810474,3,0
10,1,troy,auditory,4,2,1,3,C,1,D,7.48129675810474,3,0
10,1,troy,auditory,4,2,1,4,F,1,C,0,0,-3
10,1,troy,auditory,4,2,1,5,C,1,F,0,0,-3
10,1,troy,auditory,5,14,1,1,A,0,X,7.48129675810474,3,0
10,1,troy,auditory,5,14,1,2,D,0,A,7.48129675810474,4,1
10,1,troy,auditory,5,14,1,3,G,0,D,7.48129675810474,3,0
10,1,troy,auditory,5,14,1,4,F,0,G,7.48129675810474,3,0
10,1,troy,auditory,5,14,1,5,C,0,F,4.98753117206983,2,-1
10,1,troy,auditory,6,3,1,1,A,0,X,4.98753117206983,2,0
10,1,troy,auditory,6,3,1,2,C,0,A,11.3560707533422,5,3
10,1,troy,auditory,6,3,1,3,G,0,C,17.5835342699894,9,7
10,1,troy,auditory,6,3,1,4,F,0,G,7.48129675810474,3,1
10,1,troy,auditory,6,3,1,5,C,0,F,2.49376558603491,1,-1
10,1,troy,auditory,7,13,1,1,A,0,X,NaN,0,0
10,1,troy,auditory,7,13,1,2,D,0,A,NaN,0,0
10,1,troy,auditory,7,13,1,3,F,0,D,NaN,0,0
10,1,troy,auditory,7,13,1,4,C,0,F,NaN,0,0
10,1,troy,auditory,7,13,1,5,G,0,C,NaN,0,0
10,1,troy,auditory,8,10,1,1,A,0,X,NaN,0,0
10,1,troy,auditory,8,10,1,2,C,0,A,NaN,0,0
10,1,troy,auditory,8,10,1,3,D,0,C,NaN,0,0
10,1,troy,auditory,8,10,1,4,F,0,D,NaN,0,0
10,1,troy,auditory,8,10,1,5,C,0,F,NaN,0,0
10,1,troy,auditory,9,12,1,1,A,0,X,2.49376558603491,1,0
10,1,troy,auditory,9,12,1,2,F,0,A,9.97506234413965,4,3
10,1,troy,auditory,9,12,1,3,C,0,F,7.48129675810474,3,2
10,1,troy,auditory,9,12,1,4,G,0,C,2.49376558603491,1,0
10,1,troy,auditory,9,12,1,5,C,0,G,2.49376558603491,1,0
10,1,troy,auditory,10,4,1,1,A,0,X,NaN,0,0
10,1,troy,auditory,10,4,1,2,D,0,A,NaN,0,0
10,1,troy,auditory,10,4,1,3,C,0,D,NaN,0,0
10,1,troy,auditory,10,4,1,4,G,0,C,NaN,0,0
10,1,troy,auditory,10,4,1,5,F,0,G,NaN,0,0
10,1,troy,auditory,11,7,1,1,A,0,X,9.97506234413965,4,0
10,1,troy,auditory,11,7,1,2,C,0,A,9.97506234413965,4,0
10,1,troy,auditory,11,7,1,3,G,0,C,19.4191879044634,8,4
10,1,troy,auditory,11,7,1,4,F,0,G,2.49376558603491,1,-3
10,1,troy,auditory,11,7,1,5,C,0,F,7.48129675810474,3,-1
10,1,troy,auditory,12,11,1,1,A,0,X,NaN,0,0
10,1,troy,auditory,12,11,1,2,G,0,A,NaN,0,0
10,1,troy,auditory,12,11,1,3,C,0,G,NaN,0,0
10,1,troy,auditory,12,11,1,4,F,0,C,NaN,0,0
10,1,troy,auditory,12,11,1,5,C,0,F,NaN,0,0
10,1,troy,auditory,13,9,1,1,A,0,X,NaN,0,0
10,1,troy,auditory,13,9,1,2,G,0,A,NaN,0,0
10,1,troy,auditory,13,9,1,3,F,0,G,NaN,0,0
10,1,troy,auditory,13,9,1,4,C,0,F,NaN,0,0
10,1,troy,auditory,13,9,1,5,D,0,C,NaN,0,0
10,1,troy,auditory,14,1,1,1,A,0,X,NaN,0,0
10,1,troy,auditory,14,1,1,2,C,0,A,NaN,0,0
10,1,troy,auditory,14,1,1,3,F,0,C,NaN,0,0
10,1,troy,auditory,14,1,1,4,C,0,F,NaN,0,0
10,1,troy,auditory,14,1,1,5,G,0,C,NaN,0,0
10,1,troy,auditory,15,8,1,1,A,1,X,7.48129675810474,3,0
10,1,troy,auditory,15,8,1,2,D,1,A,0,0,-3
10,1,troy,auditory,15,8,1,3,C,1,D,4.35156504994706,2,-1
10,1,troy,auditory,15,8,1,4,G,1,C,11.833204771461,4,1
10,1,troy,auditory,15,8,1,5,F,1,G,4.98753117206983,2,-1
10,1,troy,auditory,16,6,1,1,A,1,X,9.97506234413965,4,0
10,1,troy,auditory,16,6,1,2,D,1,A,7.48129675810474,3,-1
10,1,troy,auditory,16,6,1,3,C,1,D,9.97506234413965,4,0
10,1,troy,auditory,16,6,1,4,F,1,C,18.8456874230773,7,3
10,1,troy,auditory,16,6,1,5,C,1,F,4.52190064762457,1,-3
10,1,troy,auditory,17,4,2,1,A,0,X,24.7780511498092,10,0
10,1,troy,auditory,17,4,2,2,D,0,A,2.49376558603491,1,-9
10,1,troy,auditory,17,4,2,3,C,0,D,9.97506234413965,4,-6
10,1,troy,auditory,17,4,2,4,G,0,C,4.98753117206983,2,-8
10,1,troy,auditory,17,4,2,5,F,0,G,7.48129675810474,3,-7
10,1,troy,auditory,18,12,2,1,A,0,X,NaN,0,0
10,1,troy,auditory,18,12,2,2,F,0,A,NaN,0,0
10,1,troy,auditory,18,12,2,3,C,0,F,NaN,0,0
10,1,troy,auditory,18,12,2,4,G,0,C,NaN,0,0
10,1,troy,auditory,18,12,2,5,C,0,G,NaN,0,0
10,1,troy,auditory,19,1,2,1,A,0,X,NaN,0,0
10,1,troy,auditory,19,1,2,2,C,0,A,NaN,0,0
10,1,troy,auditory,19,1,2,3,F,0,C,NaN,0,0
10,1,troy,auditory,19,1,2,4,C,0,F,NaN,0,0
10,1,troy,auditory,19,1,2,5,G,0,C,NaN,0,0
10,1,troy,auditory,20,6,2,1,A,0,X,0,0,0
10,1,troy,auditory,20,6,2,2,D,0,A,2.49376558603491,1,1
10,1,troy,auditory,20,6,2,3,C,0,D,0,0,0
10,1,troy,auditory,20,6,2,4,F,0,C,0,0,0
10,1,troy,auditory,20,6,2,5,C,0,F,9.97506234413965,4,4
10,1,troy,auditory,21,10,2,1,A,0,X,NaN,0,0
10,1,troy,auditory,21,10,2,2,C,0,A,NaN,0,0
10,1,troy,auditory,21,10,2,3,D,0,C,NaN,0,0
10,1,troy,auditory,21,10,2,4,F,0,D,NaN,0,0
10,1,troy,auditory,21,10,2,5,C,0,F,NaN,0,0
10,1,troy,auditory,22,9,2,1,A,0,X,NaN,0,0
10,1,troy,auditory,22,9,2,2,G,0,A,NaN,0,0
10,1,troy,auditory,22,9,2,3,F,0,G,NaN,0,0
10,1,troy,auditory,22,9,2,4,C,0,F,NaN,0,0
10,1,troy,auditory,22,9,2,5,D,0,C,NaN,0,0
10,1,troy,auditory,23,14,2,1,A,0,X,14.9625935162095,6,0
10,1,troy,auditory,23,14,2,2,D,0,A,7.64090146864463,3,-3
10,1,troy,auditory,23,14,2,3,G,0,D,14.9625935162095,6,0
10,1,troy,auditory,23,14,2,4,F,0,G,7.48129675810474,3,-3
10,1,troy,auditory,23,14,2,5,C,0,F,9.97506234413965,4,-2
10,1,troy,auditory,24,11,2,1,A,0,X,NaN,0,0
10,1,troy,auditory,24,11,2,2,G,0,A,NaN,0,0
10,1,troy,auditory,24,11,2,3,C,0,G,NaN,0,0
10,1,troy,auditory,24,11,2,4,F,0,C,NaN,0,0
10,1,troy,auditory,24,11,2,5,C,0,F,NaN,0,0
10,1,troy,auditory,25,7,2,1,A,0,X,2.49376558603491,1,0
10,1,troy,auditory,25,7,2,2,C,0,A,9.97506234413965,4,3
10,1,troy,auditory,25,7,2,3,G,0,C,9.97506234413965,4,3
10,1,troy,auditory,25,7,2,4,F,0,G,24.2779636492411,10,9
10,1,troy,auditory,25,7,2,5,C,0,F,7.48129675810474,3,2
10,1,troy,auditory,26,3,2,1,A,0,X,NaN,0,0
10,1,troy,auditory,26,3,2,2,C,0,A,NaN,0,0
10,1,troy,auditory,26,3,2,3,G,0,C,NaN,0,0
10,1,troy,auditory,26,3,2,4,F,0,G,NaN,0,0
10,1,troy,auditory,26,3,2,5,C,0,F,NaN,0,0
10,1,troy,auditory,27,16,2,1,A,0,X,4.98753117206983,3,0
10,1,troy,auditory,27,16,2,2,D,0,A,9.97506234413965,4,1
10,1,troy,auditory,27,16,2,3,C,0,D,2.49376558603491,1,-2
10,1,troy,auditory,27,16,2,4,G,0,C,9.97506234413965,4,1
10,1,troy,auditory,27,16,2,5,C,0,G,14.4969629917642,5,2
10,1,troy,auditory,28,5,2,1,A,0,X,32.4189526184539,12,0
10,1,troy,auditory,28,5,2,2,C,0,A,8.11691991681831,4,-8
10,1,troy,auditory,28,5,2,3,F,0,C,12.4688279301746,5,-7
10,1,troy,auditory,28,5,2,4,C,0,F,2.49376558603491,1,-11
10,1,troy,auditory,28,5,2,5,G,0,C,14.9625935162095,6,-6
10,1,troy,auditory,29,8,2,1,A,1,X,7.48129675810474,2,0
10,1,troy,auditory,29,8,2,2,D,1,A,8.86230516730727,4,2
10,1,troy,auditory,29,8,2,3,C,1,D,4.98753117206982,2,0
10,1,troy,auditory,29,8,2,4,G,1,C,9.97506234413965,4,2
10,1,troy,auditory,29,8,2,5,F,1,G,6.95035997428879,3,1
10,1,troy,auditory,30,15,2,1,A,0,X,2.49376558603491,1,0
10,1,troy,auditory,30,15,2,2,C,0,A,4.98753117206982,2,1
10,1,troy,auditory,30,15,2,3,F,0,C,4.98753117206982,2,1
10,1,troy,auditory,30,15,2,4,C,0,F,2.15777039538685,1,0
10,1,troy,auditory,30,15,2,5,F,0,C,2.49376558603491,1,0
10,1,troy,auditory,31,13,2,1,A,0,X,4.98753117206983,2,0
10,1,troy,auditory,31,13,2,2,D,0,A,4.98753117206982,2,0
10,1,troy,auditory,31,13,2,3,F,0,D,7.48129675810474,3,1
10,1,troy,auditory,31,13,2,4,C,0,F,9.97506234413965,4,2
10,1,troy,auditory,31,13,2,5,G,0,C,4.98753117206982,2,0
10,1,troy,auditory,32,2,2,1,A,1,X,2.49376558603491,1,0
10,1,troy,auditory,32,2,2,2,D,1,A,4.98753117206982,1,0
10,1,troy,auditory,32,2,2,3,C,1,D,9.97506234413965,4,3
10,1,troy,auditory,32,2,2,4,F,1,C,12.8048231208226,5,4
10,1,troy,auditory,32,2,2,5,C,1,F,12.4688279301746,5,4
10,1,troy,auditory,33,7,3,1,A,1,X,11.8328618080518,5,0
10,1,troy,auditory,33,7,3,2,C,1,A,15.0404012282723,6,1
10,1,troy,auditory,33,7,3,3,G,1,C,2.94851017004502,2,-3
10,1,troy,auditory,33,7,3,4,F,1,G,12.4688279301746,5,0
10,1,troy,auditory,33,7,3,5,C,1,F,0,0,-5
10,1,troy,auditory,34,10,3,1,A,1,X,17.4563591022444,7,0
10,1,troy,auditory,34,10,3,2,C,1,A,9.97506234413965,4,-3
10,1,troy,auditory,34,10,3,3,D,1,C,2.49376558603491,1,-6
10,1,troy,auditory,34,10,3,4,F,1,D,9.97506234413965,4,-3
10,1,troy,auditory,34,10,3,5,C,1,F,0,0,-7
10,1,troy,auditory,35,1,3,1,A,1,X,2.49376558603491,1,0
10,1,troy,auditory,35,1,3,2,C,1,A,7.48129675810474,3,2
10,1,troy,auditory,35,1,3,3,F,1,C,9.84788717639468,3,2
10,1,troy,auditory,35,1,3,4,C,1,F,4.98753117206982,2,1
10,1,troy,auditory,35,1,3,5,G,1,C,0,0,-1
10,1,troy,auditory,36,2,3,1,A,0,X,6.49681698738959,3,0
10,1,troy,auditory,36,2,3,2,D,0,A,2.49376558603491,1,-2
10,1,troy,auditory,36,2,3,3,C,0,D,7.48129675810474,3,0
10,1,troy,auditory,36,2,3,4,F,0,C,7.05026702383588,3,0
10,1,troy,auditory,36,2,3,5,C,0,F,12.4688279301746,4,1
10,1,troy,auditory,37,15,3,1,A,0,X,14.9625935162095,6,0
10,1,troy,auditory,37,15,3,2,C,0,A,6.6188417325395,3,-3
10,1,troy,auditory,37,15,3,3,F,0,C,4.98753117206983,2,-4
10,1,troy,auditory,37,15,3,4,C,0,F,4.98753117206982,2,-4
10,1,troy,auditory,37,15,3,5,F,0,C,9.97506234413965,4,-2
10,1,troy,auditory,38,3,3,1,A,0,X,0,0,0
10,1,troy,auditory,38,3,3,2,C,0,A,9.97506234413965,4,4
10,1,troy,auditory,38,3,3,3,G,0,C,12.4688279301746,5,5
10,1,troy,auditory,38,3,3,4,F,0,G,7.48129675810474,3,3
10,1,troy,auditory,38,3,3,5,C,0,F,17.4563591022444,7,7
10,1,troy,auditory,39,6,3,1,A,1,X,0,0,0
10,1,troy,auditory,39,6,3,2,D,1,A,2.49376558603491,1,1
10,1,troy,auditory,39,6,3,3,C,1,D,1.38932832083291,0,0
10,1,troy,auditory,39,6,3,4,F,1,C,12.4688279301746,5,5
10,1,troy,auditory,39,6,3,5,C,1,F,12.4688279301746,5,5
10,1,troy,auditory,40,4,3,1,A,0,X,NaN,0,0
10,1,troy,auditory,40,4,3,2,D,0,A,NaN,0,0
10,1,troy,auditory,40,4,3,3,C,0,D,NaN,0,0
10,1,troy,auditory,40,4,3,4,G,0,C,NaN,0,0
10,1,troy,auditory,40,4,3,5,F,0,G,NaN,0,0
10,1,troy,auditory,41,9,3,1,A,1,X,11.0822688698809,4,0
10,1,troy,auditory,41,9,3,2,G,1,A,0,0,-4
10,1,troy,auditory,41,9,3,3,F,1,G,0,0,-4
10,1,troy,auditory,41,9,3,4,C,1,F,2.49376558603491,1,-3
10,1,troy,auditory,41,9,3,5,D,1,C,4.98753117206982,2,-2
10,1,troy,auditory,42,5,3,1,A,0,X,2.49376558603491,1,0
10,1,troy,auditory,42,5,3,2,C,0,A,2.49376558603491,1,0
10,1,troy,auditory,42,5,3,3,F,0,C,0,0,-1
10,1,troy,auditory,42,5,3,4,C,0,F,7.48129675810474,3,2
10,1,troy,auditory,42,5,3,5,G,0,C,7.48129675810474,3,2
10,1,troy,auditory,43,14,3,1,A,0,X,7.48129675810474,3,0
10,1,troy,auditory,43,14,3,2,D,0,A,8.1172628802275,3,0
10,1,troy,auditory,43,14,3,3,G,0,D,12.4688279301746,4,1
10,1,troy,auditory,43,14,3,4,F,0,G,2.49376558603491,1,-2
10,1,troy,auditory,43,14,3,5,C,0,F,9.09734073017762,3,0
10,1,troy,auditory,44,13,3,1,A,0,X,9.97506234413965,4,0
10,1,troy,auditory,44,13,3,2,D,0,A,7.48129675810474,3,-1
10,1,troy,auditory,44,13,3,3,F,0,D,0,0,-4
10,1,troy,auditory,44,13,3,4,C,0,F,17.4563591022444,7,3
10,1,troy,auditory,44,13,3,5,G,0,C,4.98753117206982,2,-2
10,1,troy,auditory,45,16,3,1,A,0,X,7.48129675810474,3,0
10,1,troy,auditory,45,16,3,2,D,0,A,9.97506234413965,4,1
10,1,troy,auditory,45,16,3,3,C,0,D,0,0,-3
10,1,troy,auditory,45,16,3,4,G,0,C,4.98753117206982,2,-1
10,1,troy,auditory,45,16,3,5,C,0,G,2.57157329809772,1,-2
10,1,troy,auditory,46,8,3,1,A,0,X,7.48129675810474,2,0
10,1,troy,auditory,46,8,3,2,D,0,A,4.98753117206983,2,0
10,1,troy,auditory,46,8,3,3,C,0,D,4.98753117206982,2,0
10,1,troy,auditory,46,8,3,4,G,0,C,2.49376558603491,1,-1
10,1,troy,auditory,46,8,3,5,F,0,G,2.78641690734823,2,0
10,1,troy,auditory,47,11,3,1,A,0,X,4.98753117206982,2,0
10,1,troy,auditory,47,11,3,2,G,0,A,2.95939611048016,2,0
10,1,troy,auditory,47,11,3,3,C,0,G,13.1047940522973,5,3
10,1,troy,auditory,47,11,3,4,F,0,C,12.4688279301746,5,3
10,1,troy,auditory,47,11,3,5,C,0,F,9.97506234413965,4,2
10,1,troy,auditory,48,12,3,1,A,0,X,7.48129675810474,3,0
10,1,troy,auditory,48,12,3,2,F,0,A,2.49376558603491,1,-2
10,1,troy,auditory,48,12,3,3,C,0,F,2.49376558603491,1,-2
10,1,troy,auditory,48,12,3,4,G,0,C,7.48129675810474,3,0
10,1,troy,auditory,48,12,3,5,C,0,G,4.98753117206982,2,-1
10,1,troy,auditory,49,10,4,1,A,0,X,NaN,0,0
10,1,troy,auditory,49,10,4,2,C,0,A,NaN,0,0
10,1,troy,auditory,49,10,4,3,D,0,C,NaN,0,0
10,1,troy,auditory,49,10,4,4,F,0,D,NaN,0,0
10,1,troy,auditory,49,10,4,5,C,0,F,NaN,0,0
10,1,troy,auditory,50,9,4,1,A,0,X,9.97506234413965,4,0
10,1,troy,auditory,50,9,4,2,G,0,A,3.73993018631522,2,-2
10,1,troy,auditory,50,9,4,3,F,0,G,7.05026702383588,3,-1
10,1,troy,auditory,50,9,4,4,C,0,F,7.48129675810474,3,-1
10,1,troy,auditory,50,9,4,5,D,0,C,9.97506234413965,4,0
10,1,troy,auditory,51,7,4,1,A,1,X,8.72746135838504,4,0
10,1,troy,auditory,51,7,4,2,C,1,A,10.220657874121,4,0
10,1,troy,auditory,51,7,4,3,G,1,C,0,0,-4
10,1,troy,auditory,51,7,4,4,F,1,G,1.24616460028031,1,-3
10,1,troy,auditory,51,7,4,5,C,1,F,12.9997647139905,5,1
10,1,troy,auditory,52,11,4,1,A,1,X,7.48129675810474,3,0
10,1,troy,auditory,52,11,4,2,G,1,A,0,0,-3
10,1,troy,auditory,52,11,4,3,C,1,G,5.32352636271789,2,-1
10,1,troy,auditory,52,11,4,4,F,1,C,2.49376558603491,1,-2
10,1,troy,auditory,52,11,4,5,C,1,F,0,0,-3
10,1,troy,auditory,53,13,4,1,A,1,X,9.97506234413965,4,0
10,1,troy,auditory,53,13,4,2,D,1,A,2.49376558603491,1,-3
10,1,troy,auditory,53,13,4,3,F,1,D,0,0,-4
10,1,troy,auditory,53,13,4,4,C,1,F,4.98753117206983,2,-2
10,1,troy,auditory,53,13,4,5,G,1,C,4.98753117206982,2,-2
10,1,troy,auditory,54,5,4,1,A,1,X,2.49376558603491,1,0
10,1,troy,auditory,54,5,4,2,C,1,A,2.49376558603491,1,0
10,1,troy,auditory,54,5,4,3,F,1,C,0,0,-1
10,1,troy,auditory,54,5,4,4,C,1,F,2.49376558603491,1,0
10,1,troy,auditory,54,5,4,5,G,1,C,2.49376558603491,1,0
10,1,troy,auditory,55,16,4,1,A,1,X,9.97506234413965,4,0
10,1,troy,auditory,55,16,4,2,D,1,A,4.98753117206982,2,-2
10,1,troy,auditory,55,16,4,3,C,1,D,0.984479770715146,0,-4
10,1,troy,auditory,55,16,4,4,G,1,C,0,0,-4
10,1,troy,auditory,55,16,4,5,C,1,G,4.98753117206983,2,-2
10,1,troy,auditory,56,4,4,1,A,0,X,1.24760098575461,0,0
10,1,troy,auditory,56,4,4,2,D,0,A,0,0,0
10,1,troy,auditory,56,4,4,3,C,0,D,2.49376558603491,1,1
10,1,troy,auditory,56,4,4,4,G,0,C,2.49376558603491,1,1
10,1,troy,auditory,56,4,4,5,F,0,G,2.82976077668298,1,1
10,1,troy,auditory,57,12,4,1,A,1,X,0,0,0
10,1,troy,auditory,57,12,4,2,F,1,A,0,0,0
10,1,troy,auditory,57,12,4,3,C,1,F,2.49376558603491,1,1
10,1,troy,auditory,57,12,4,4,G,1,C,2.49376558603491,1,1
10,1,troy,auditory,57,12,4,5,C,1,G,2.49376558603491,1,1
10,1,troy,auditory,58,2,4,1,A,1,X,2.49376558603491,1,0
10,1,troy,auditory,58,2,4,2,D,1,A,0,0,-1
10,1,troy,auditory,58,2,4,3,C,1,D,4.98753117206982,2,1
10,1,troy,auditory,58,2,4,4,F,1,C,0,0,-1
10,1,troy,auditory,58,2,4,5,C,1,F,0,0,-1
10,1,troy,auditory,59,14,4,1,A,1,X,0,0,0
10,1,troy,auditory,59,14,4,2,D,1,A,0,0,0
10,1,troy,auditory,59,14,4,3,G,1,D,2.49376558603491,1,1
10,1,troy,auditory,59,14,4,4,F,1,G,7.48129675810474,3,3
10,1,troy,auditory,59,14,4,5,C,1,F,2.49376558603491,1,1
10,1,troy,auditory,60,1,4,1,A,0,X,NaN,0,0
10,1,troy,auditory,60,1,4,2,C,0,A,NaN,0,0
10,1,troy,auditory,60,1,4,3,F,0,C,NaN,0,0
10,1,troy,auditory,60,1,4,4,C,0,F,NaN,0,0
10,1,troy,auditory,60,1,4,5,G,0,C,NaN,0,0
10,1,troy,auditory,61,6,4,1,A,0,X,0,0,0
10,1,troy,auditory,61,6,4,2,D,0,A,0,0,0
10,1,troy,auditory,61,6,4,3,C,0,D,0,0,0
10,1,troy,auditory,61,6,4,4,F,0,C,2.49376558603491,1,1
10,1,troy,auditory,61,6,4,5,C,0,F,2.49376558603491,1,1
10,1,troy,auditory,62,3,4,1,A,1,X,2.49376558603491,1,0
10,1,troy,auditory,62,3,4,2,C,1,A,0,0,-1
10,1,troy,auditory,62,3,4,3,G,1,C,2.49376558603491,1,0
10,1,troy,auditory,62,3,4,4,F,1,G,2.49376558603491,1,0
10,1,troy,auditory,62,3,4,5,C,1,F,7.48129675810474,3,2
10,1,troy,auditory,63,8,4,1,A,1,X,12.4688279301746,5,0
10,1,troy,auditory,63,8,4,2,D,1,A,0.245595529981313,0,-5
10,1,troy,auditory,63,8,4,3,C,1,D,2.49376558603491,1,-4
10,1,troy,auditory,63,8,4,4,G,1,C,0,0,-5
10,1,troy,auditory,63,8,4,5,F,1,G,0,0,-5
10,1,troy,auditory,64,15,4,1,A,0,X,0,0,0
10,1,troy,auditory,64,15,4,2,C,0,A,0,0,0
10,1,troy,auditory,64,15,4,3,F,0,C,0,0,0
10,1,troy,auditory,64,15,4,4,C,0,F,0,0,0
10,1,troy,auditory,64,15,4,5,F,0,C,2.49376558603491,1,1
10,1,troy,auditory,65,10,5,1,A,1,X,2.49376558603491,1,0
10,1,troy,auditory,65,10,5,2,C,1,A,2.49376558603491,1,0
10,1,troy,auditory,65,10,5,3,D,1,C,19.5190949540104,8,7
10,1,troy,auditory,65,10,5,4,F,1,D,0,0,-1
10,1,troy,auditory,65,10,5,5,C,1,F,0,0,-1
10,1,troy,auditory,66,1,5,1,A,1,X,4.98753117206983,2,0
10,1,troy,auditory,66,1,5,2,C,1,A,11.833204771461,2,0
10,1,troy,auditory,66,1,5,3,F,1,C,2.49376558603491,1,-1
10,1,troy,auditory,66,1,5,4,C,1,F,2.49376558603491,1,-1
10,1,troy,auditory,66,1,5,5,G,1,C,2.49376558603491,1,-1
10,1,troy,auditory,67,14,5,1,A,1,X,9.97506234413965,4,0
10,1,troy,auditory,67,14,5,2,D,1,A,2.49376558603491,1,-3
10,1,troy,auditory,67,14,5,3,G,1,D,2.49376558603491,1,-3
10,1,troy,auditory,67,14,5,4,F,1,G,9.97506234413965,4,0
10,1,troy,auditory,67,14,5,5,C,1,F,4.98753117206982,2,-2
10,1,troy,auditory,68,8,5,1,A,1,X,2.49376558603491,1,0
10,1,troy,auditory,68,8,5,2,D,1,A,2.20111426472159,0,-1
10,1,troy,auditory,68,8,5,3,C,1,D,2.49376558603491,1,0
10,1,troy,auditory,68,8,5,4,G,1,C,0,0,-1
10,1,troy,auditory,68,8,5,5,F,1,G,4.98753117206983,2,1
10,1,troy,auditory,69,15,5,1,A,0,X,0,0,0
10,1,troy,auditory,69,15,5,2,C,0,A,2.49376558603491,1,1
10,1,troy,auditory,69,15,5,3,F,0,C,0,0,0
10,1,troy,auditory,69,15,5,4,C,0,F,0,0,0
10,1,troy,auditory,69,15,5,5,F,0,C,0,0,0
10,1,troy,auditory,70,13,5,1,A,1,X,1.11275717683238,0,0
10,1,troy,auditory,70,13,5,2,D,1,A,0,0,0
10,1,troy,auditory,70,13,5,3,F,1,D,4.98753117206982,2,2
10,1,troy,auditory,70,13,5,4,C,1,F,6.6188417325395,3,3
10,1,troy,auditory,70,13,5,5,G,1,C,2.49376558603491,1,1
10,1,troy,auditory,71,5,5,1,A,1,X,2.49376558603491,1,0
10,1,troy,auditory,71,5,5,2,C,1,A,7.90588930031364,4,3
10,1,troy,auditory,71,5,5,3,F,1,C,2.49376558603491,1,0
10,1,troy,auditory,71,5,5,4,C,1,F,4.98753117206983,2,1
10,1,troy,auditory,71,5,5,5,G,1,C,2.49376558603491,1,0
10,1,troy,auditory,72,9,5,1,A,1,X,0,0,0
10,1,troy,auditory,72,9,5,2,G,1,A,0,0,0
10,1,troy,auditory,72,9,5,3,F,1,G,0,0,0
10,1,troy,auditory,72,9,5,4,C,1,F,0,0,0
10,1,troy,auditory,72,9,5,5,D,1,C,9.97506234413965,4,4
10,1,troy,auditory,73,7,5,1,A,1,X,0,0,0
10,1,troy,auditory,73,7,5,2,C,1,A,7.48129675810474,3,3
10,1,troy,auditory,73,7,5,3,G,1,C,2.49376558603491,1,1
10,1,troy,auditory,73,7,5,4,F,1,G,4.98753117206983,2,2
10,1,troy,auditory,73,7,5,5,C,1,F,4.98753117206983,2,2
10,1,troy,auditory,74,2,5,1,A,0,X,NaN,0,0
10,1,troy,auditory,74,2,5,2,D,0,A,NaN,0,0
10,1,troy,auditory,74,2,5,3,C,0,D,NaN,0,0
10,1,troy,auditory,74,2,5,4,F,0,C,NaN,0,0
10,1,troy,auditory,74,2,5,5,C,0,F,NaN,0,0
10,1,troy,auditory,75,3,5,1,A,1,X,7.48129675810474,3,0
10,1,troy,auditory,75,3,5,2,C,1,A,0,0,-3
10,1,troy,auditory,75,3,5,3,G,1,C,4.98753117206983,2,-1
10,1,troy,auditory,75,3,5,4,F,1,G,0.46563052444525,1,-2
10,1,troy,auditory,75,3,5,5,C,1,F,0,0,-3
10,1,troy,auditory,76,6,5,1,A,0,X,2.49376558603491,1,0
10,1,troy,auditory,76,6,5,2,D,0,A,0,0,-1
10,1,troy,auditory,76,6,5,3,C,0,D,2.82976077668298,1,0
10,1,troy,auditory,76,6,5,4,F,0,C,7.48129675810474,3,2
10,1,troy,auditory,76,6,5,5,C,0,F,7.48129675810474,3,2
10,1,troy,auditory,77,12,5,1,A,1,X,4.98753117206983,2,0
10,1,troy,auditory,77,12,5,2,F,1,A,0,0,-2
10,1,troy,auditory,77,12,5,3,C,1,F,9.97506234413965,4,2
10,1,troy,auditory,77,12,5,4,G,1,C,7.48129675810474,3,1
10,1,troy,auditory,77,12,5,5,C,1,G,4.98753117206983,2,0
10,1,troy,auditory,78,4,5,1,A,1,X,2.49376558603491,1,0
10,1,troy,auditory,78,4,5,2,D,1,A,0,0,-1
10,1,troy,auditory,78,4,5,3,C,1,D,1.74738531403886,1,0
10,1,troy,auditory,78,4,5,4,G,1,C,9.63906715349159,4,3
10,1,troy,auditory,78,4,5,5,F,1,G,2.49376558603491,1,0
10,1,troy,auditory,79,11,5,1,A,0,X,4.98753117206983,2,0
10,1,troy,auditory,79,11,5,2,G,0,A,1.24616460028031,1,-1
10,1,troy,auditory,79,11,5,3,C,0,G,0,0,-2
10,1,troy,auditory,79,11,5,4,F,0,C,7.8172919487528,3,1
10,1,troy,auditory,79,11,5,5,C,0,F,8.46577652881988,3,1
10,1,troy,auditory,80,16,5,1,A,1,X,7.48129675810474,3,0
10,1,troy,auditory,80,16,5,2,D,1,A,0.955529326024842,1,-2
10,1,troy,auditory,80,16,5,3,C,1,D,3.89085417255024,3,0
10,1,troy,auditory,80,16,5,4,G,1,C,2.49376558603491,1,-2
10,1,troy,auditory,80,16,5,5,C,1,G,4.98753117206983,2,-1
10,1,troy,auditory,81,4,6,1,A,1,X,2.49376558603491,1,0
10,1,troy,auditory,81,4,6,2,D,1,A,0,0,-1
10,1,troy,auditory,81,4,6,3,C,1,D,7.48129675810474,3,2
10,1,troy,auditory,81,4,6,4,G,1,C,4.65153598142176,2,1
10,1,troy,auditory,81,4,6,5,F,1,G,0,0,-1
10,1,troy,auditory,82,16,6,1,A,1,X,2.49376558603491,1,0
10,1,troy,auditory,82,16,6,2,D,1,A,2.49376558603491,1,0
10,1,troy,auditory,82,16,6,3,C,1,D,0,0,-1
10,1,troy,auditory,82,16,6,4,G,1,C,2.49376558603491,1,0
10,1,troy,auditory,82,16,6,5,C,1,G,7.48129675810474,3,2
10,1,troy,auditory,83,2,6,1,A,1,X,9.97506234413965,3,0
10,1,troy,auditory,83,2,6,2,D,1,A,7.48129675810474,3,0
10,1,troy,auditory,83,2,6,3,C,1,D,4.98753117206982,2,-1
10,1,troy,auditory,83,2,6,4,F,1,C,0,0,-3
10,1,troy,auditory,83,2,6,5,C,1,F,0,0,-3
10,1,troy,auditory,84,1,6,1,A,1,X,0,0,0
10,1,troy,auditory,84,1,6,2,C,1,A,0,0,0
10,1,troy,auditory,84,1,6,3,F,1,C,0,0,0
10,1,troy,auditory,84,1,6,4,C,1,F,12.4688279301746,5,5
10,1,troy,auditory,84,1,6,5,G,1,C,1.24760098575461,0,0
10,1,troy,auditory,85,8,6,1,A,1,X,2.49376558603491,1,0
10,1,troy,auditory,85,8,6,2,D,1,A,9.97506234413965,4,3
10,1,troy,auditory,85,8,6,3,C,1,D,2.49376558603491,1,0
10,1,troy,auditory,85,8,6,4,G,1,C,4.98753117206983,2,1
10,1,troy,auditory,85,8,6,5,F,1,G,2.49376558603491,1,0
10,1,troy,auditory,86,5,6,1,A,1,X,2.49376558603491,1,0
10,1,troy,auditory,86,5,6,2,C,1,A,2.49376558603491,1,0
10,1,troy,auditory,86,5,6,3,F,1,C,9.97506234413965,4,3
10,1,troy,auditory,86,5,6,4,C,1,F,4.00305140135468,2,1
10,1,troy,auditory,86,5,6,5,G,1,C,0,0,-1
10,1,troy,auditory,87,12,6,1,A,1,X,0,0,0
10,1,troy,auditory,87,12,6,2,F,1,A,9.97506234413965,4,4
10,1,troy,auditory,87,12,6,3,C,1,F,0,1,1
10,1,troy,auditory,87,12,6,4,G,1,C,12.6284326407145,5,5
10,1,troy,auditory,87,12,6,5,C,1,G,2.49376558603491,1,1
10,1,troy,auditory,88,13,6,1,A,1,X,7.48129675810474,3,0
10,1,troy,auditory,88,13,6,2,D,1,A,19.9501246882793,8,5
10,1,troy,auditory,88,13,6,3,F,1,D,2.73936111601623,1,-2
10,1,troy,auditory,88,13,6,4,C,1,F,0,0,-3
10,1,troy,auditory,88,13,6,5,G,1,C,0,0,-3
10,1,troy,auditory,89,14,6,1,A,1,X,2.49376558603491,1,0
10,1,troy,auditory,89,14,6,2,D,1,A,7.48129675810474,3,2
10,1,troy,auditory,89,14,6,3,G,1,D,9.97506234413965,4,3
10,1,troy,auditory,89,14,6,4,F,1,G,3.02470236985086,1,0
10,1,troy,auditory,89,14,6,5,C,1,F,4.98753117206983,2,1
10,1,troy,auditory,90,10,6,1,A,1,X,2.49376558603491,1,0
10,1,troy,auditory,90,10,6,2,C,1,A,0,0,-1
10,1,troy,auditory,90,10,6,3,D,1,C,2.49376558603491,1,0
10,1,troy,auditory,90,10,6,4,F,1,D,4.98753117206982,2,1
10,1,troy,auditory,90,10,6,5,C,1,F,0,0,-1
10,1,troy,auditory,91,9,6,1,A,0,X,NaN,0,0
10,1,troy,auditory,91,9,6,2,G,0,A,NaN,0,0
10,1,troy,auditory,91,9,6,3,F,0,G,NaN,0,0
10,1,troy,auditory,91,9,6,4,C,0,F,NaN,0,0
10,1,troy,auditory,91,9,6,5,D,0,C,NaN,0,0
10,1,troy,auditory,92,3,6,1,A,0,X,NaN,0,0
10,1,troy,auditory,92,3,6,2,C,0,A,NaN,0,0
10,1,troy,auditory,92,3,6,3,G,0,C,NaN,0,0
10,1,troy,auditory,92,3,6,4,F,0,G,NaN,0,0
10,1,troy,auditory,92,3,6,5,C,0,F,NaN,0,0
10,1,troy,auditory,93,11,6,1,A,1,X,7.48129675810474,3,0
10,1,troy,auditory,93,11,6,2,G,1,A,2.49376558603491,1,-2
10,1,troy,auditory,93,11,6,3,C,1,G,12.0377981959057,5,2
10,1,troy,auditory,93,11,6,4,F,1,C,4.98753117206983,2,-1
10,1,troy,auditory,93,11,6,5,C,1,F,18.4118884282692,8,5
10,1,troy,auditory,94,15,6,1,A,1,X,0,0,0
10,1,troy,auditory,94,15,6,2,C,1,A,0,0,0
10,1,troy,auditory,94,15,6,3,F,1,C,4.98753117206983,2,2
10,1,troy,auditory,94,15,6,4,C,1,F,4.98753117206983,2,2
10,1,troy,auditory,94,15,6,5,F,1,C,4.98753117206983,2,2
10,1,troy,auditory,95,7,6,1,A,1,X,4.98753117206983,2,0
10,1,troy,auditory,95,7,6,2,C,1,A,0,0,-2
10,1,troy,auditory,95,7,6,3,G,1,C,2.49376558603491,1,-1
10,1,troy,auditory,95,7,6,4,F,1,G,0,0,-2
10,1,troy,auditory,95,7,6,5,C,1,F,9.97506234413965,4,2
10,1,troy,auditory,96,6,6,1,A,0,X,0,0,0
10,1,troy,auditory,96,6,6,2,D,0,A,0,0,0
10,1,troy,auditory,96,6,6,3,C,0,D,6.6188417325395,3,3
10,1,troy,auditory,96,6,6,4,F,0,C,0.245595529981313,0,0
10,1,troy,auditory,96,6,6,5,C,0,F,0,0,0
10,1,troy,auditory,97,14,7,1,A,1,X,14.9625935162095,6,0
10,1,troy,auditory,97,14,7,2,D,1,A,9.97506234413965,4,-2
10,1,troy,auditory,97,14,7,3,G,1,D,26.1852568461037,10,4
10,1,troy,auditory,97,14,7,4,F,1,G,0,0,-6
10,1,troy,auditory,97,14,7,5,C,1,F,0,0,-6
10,1,troy,auditory,98,16,7,1,A,1,X,4.98753117206983,2,0
10,1,troy,auditory,98,16,7,2,D,1,A,4.98753117206982,2,0
10,1,troy,auditory,98,16,7,3,C,1,D,2.49376558603491,1,-1
10,1,troy,auditory,98,16,7,4,G,1,C,7.48129675810474,3,1
10,1,troy,auditory,98,16,7,5,C,1,G,7.48129675810474,3,1
10,1,troy,auditory,99,11,7,1,A,1,X,2.49376558603491,1,0
10,1,troy,auditory,99,11,7,2,G,1,A,2.49376558603491,1,0
10,1,troy,auditory,99,11,7,3,C,1,G,0,0,-1
10,1,troy,auditory,99,11,7,4,F,1,C,2.49376558603491,1,0
10,1,troy,auditory,99,11,7,5,C,1,F,0,0,-1
10,1,troy,auditory,100,8,7,1,A,1,X,5.14713588260972,2,0
10,1,troy,auditory,100,8,7,2,D,1,A,17.4563591022444,7,5
10,1,troy,auditory,100,8,7,3,C,1,D,4.98753117206983,2,0
10,1,troy,auditory,100,8,7,4,G,1,C,14.9625935162095,6,4
10,1,troy,auditory,100,8,7,5,F,1,G,2.49376558603491,1,-1
10,1,troy,auditory,101,9,7,1,A,0,X,4.98753117206983,2,0
10,1,troy,auditory,101,9,7,2,G,0,A,0,0,-2
10,1,troy,auditory,101,9,7,3,F,0,G,0,0,-2
10,1,troy,auditory,101,9,7,4,C,0,F,3.44929491205975,2,0
10,1,troy,auditory,101,9,7,5,D,0,C,0,0,-2
10,1,troy,auditory,102,10,7,1,A,1,X,4.98753117206983,2,0
10,1,troy,auditory,102,10,7,2,C,1,A,2.49376558603491,1,-1
10,1,troy,auditory,102,10,7,3,D,1,C,8.90806648774803,4,2
10,1,troy,auditory,102,10,7,4,F,1,D,7.48129675810474,3,1
10,1,troy,auditory,102,10,7,5,C,1,F,2.49376558603491,1,-1
10,1,troy,auditory,103,2,7,1,A,1,X,10.6106855028532,5,0
10,1,troy,auditory,103,2,7,2,D,1,A,0,0,-5
10,1,troy,auditory,103,2,7,3,C,1,D,2.49376558603491,1,-4
10,1,troy,auditory,103,2,7,4,F,1,C,7.48129675810474,3,-2
10,1,troy,auditory,103,2,7,5,C,1,F,2.49376558603491,1,-4
10,1,troy,auditory,104,5,7,1,A,0,X,4.98753117206983,2,0
10,1,troy,auditory,104,5,7,2,C,0,A,18.2027393742404,7,5
10,1,troy,auditory,104,5,7,3,F,0,C,17.4563591022444,7,5
10,1,troy,auditory,104,5,7,4,C,0,F,6.37970011153673,2,0
10,1,troy,auditory,104,5,7,5,G,0,C,0,0,-2
10,1,troy,auditory,105,7,7,1,A,0,X,NaN,0,0
10,1,troy,auditory,105,7,7,2,C,0,A,NaN,0,0
10,1,troy,auditory,105,7,7,3,G,0,C,NaN,0,0
10,1,troy,auditory,105,7,7,4,F,0,G,NaN,0,0
10,1,troy,auditory,105,7,7,5,C,0,F,NaN,0,0
10,1,troy,auditory,106,15,7,1,A,0,X,NaN,0,0
10,1,troy,auditory,106,15,7,2,C,0,A,NaN,0,0
10,1,troy,auditory,106,15,7,3,F,0,C,NaN,0,0
10,1,troy,auditory,106,15,7,4,C,0,F,NaN,0,0
10,1,troy,auditory,106,15,7,5,F,0,C,NaN,0,0
10,1,troy,auditory,107,4,7,1,A,1,X,3.74136657178952,1,0
10,1,troy,auditory,107,4,7,2,D,1,A,6.95035997428879,3,2
10,1,troy,auditory,107,4,7,3,C,1,D,12.3092232196347,5,4
10,1,troy,auditory,107,4,7,4,G,1,C,9.97506234413965,4,3
10,1,troy,auditory,107,4,7,5,F,1,G,12.4688279301746,5,4
10,1,troy,auditory,108,12,7,1,A,0,X,0,0,0
10,1,troy,auditory,108,12,7,2,F,0,A,7.48129675810474,3,3
10,1,troy,auditory,108,12,7,3,C,0,F,0,0,0
10,1,troy,auditory,108,12,7,4,G,0,C,2.49376558603491,1,1
10,1,troy,auditory,108,12,7,5,C,0,G,7.48129675810474,3,3
10,1,troy,auditory,109,13,7,1,A,0,X,NaN,0,0
10,1,troy,auditory,109,13,7,2,D,0,A,NaN,0,0
10,1,troy,auditory,109,13,7,3,F,0,D,NaN,0,0
10,1,troy,auditory,109,13,7,4,C,0,F,NaN,0,0
10,1,troy,auditory,109,13,7,5,G,0,C,NaN,0,0
10,1,troy,auditory,110,6,7,1,A,0,X,NaN,0,0
10,1,troy,auditory,110,6,7,2,D,0,A,NaN,0,0
10,1,troy,auditory,110,6,7,3,C,0,D,NaN,0,0
10,1,troy,auditory,110,6,7,4,F,0,C,NaN,0,0
10,1,troy,auditory,110,6,7,5,C,0,F,NaN,0,0
10,1,troy,auditory,111,3,7,1,A,0,X,12.4688279301746,5,0
10,1,troy,auditory,111,3,7,2,C,0,A,7.48129675810474,3,-2
10,1,troy,auditory,111,3,7,3,G,0,C,2.49376558603491,1,-4
10,1,troy,auditory,111,3,7,4,F,0,G,3.12973170815767,1,-4
10,1,troy,auditory,111,3,7,5,C,0,F,7.48129675810474,3,-2
10,1,troy,auditory,112,1,7,1,A,1,X,0,0,0
10,1,troy,auditory,112,1,7,2,C,1,A,4.98753117206983,2,2
10,1,troy,auditory,112,1,7,3,F,1,C,7.48129675810474,3,3
10,1,troy,auditory,112,1,7,4,C,1,F,2.49376558603491,1,1
10,1,troy,auditory,112,1,7,5,G,1,C,0,0,0
10,1,troy,auditory,113,14,8,1,A,1,X,2.49376558603491,1,0
10,1,troy,auditory,113,14,8,2,D,1,A,0,0,-1
10,1,troy,auditory,113,14,8,3,G,1,D,7.48129675810474,3,2
10,1,troy,auditory,113,14,8,4,F,1,G,4.98753117206983,2,1
10,1,troy,auditory,113,14,8,5,C,1,F,0,0,-1
10,1,troy,auditory,114,13,8,1,A,1,X,2.49376558603491,1,0
10,1,troy,auditory,114,13,8,2,D,1,A,0,0,-1
10,1,troy,auditory,114,13,8,3,F,1,D,0,0,-1
10,1,troy,auditory,114,13,8,4,C,1,F,4.98753117206983,2,1
10,1,troy,auditory,114,13,8,5,G,1,C,4.98753117206983,2,1
10,1,troy,auditory,115,16,8,1,A,1,X,5.45316169651508,3,0
10,1,troy,auditory,115,16,8,2,D,1,A,7.48129675810474,3,0
10,1,troy,auditory,115,16,8,3,C,1,D,0,0,-3
10,1,troy,auditory,115,16,8,4,G,1,C,0,0,-3
10,1,troy,auditory,115,16,8,5,C,1,G,9.97506234413965,4,1
10,1,troy,auditory,116,9,8,1,A,1,X,2.49376558603491,1,0
10,1,troy,auditory,116,9,8,2,G,1,A,0,0,-1
10,1,troy,auditory,116,9,8,3,F,1,G,2.49376558603491,1,0
10,1,troy,auditory,116,9,8,4,C,1,F,2.49376558603491,1,0
10,1,troy,auditory,116,9,8,5,D,1,C,2.49376558603491,1,0
10,1,troy,auditory,117,10,8,1,A,1,X,0,0,0
10,1,troy,auditory,117,10,8,2,C,1,A,2.49376558603491,1,1
10,1,troy,auditory,117,10,8,3,D,1,C,0,0,0
10,1,troy,auditory,117,10,8,4,F,1,D,0,0,0
10,1,troy,auditory,117,10,8,5,C,1,F,14.9625935162095,6,6
10,1,troy,auditory,118,3,8,1,A,1,X,4.98753117206983,2,0
10,1,troy,auditory,118,3,8,2,C,1,A,4.98753117206983,2,0
10,1,troy,auditory,118,3,8,3,G,1,C,7.48129675810474,3,1
10,1,troy,auditory,118,3,8,4,F,1,G,12.4688279301746,5,3
10,1,troy,auditory,118,3,8,5,C,1,F,4.98753117206982,2,0
10,1,troy,auditory,119,8,8,1,A,1,X,2.49376558603491,1,0
10,1,troy,auditory,119,8,8,2,D,1,A,4.98753117206983,2,1
10,1,troy,auditory,119,8,8,3,C,1,D,0,0,-1
10,1,troy,auditory,119,8,8,4,G,1,C,7.48129675810474,3,2
10,1,troy,auditory,119,8,8,5,F,1,G,2.49376558603491,1,0
10,1,troy,auditory,120,1,8,1,A,1,X,0,0,0
10,1,troy,auditory,120,1,8,2,C,1,A,0,0,0
10,1,troy,auditory,120,1,8,3,F,1,C,0,0,0
10,1,troy,auditory,120,1,8,4,C,1,F,0,0,0
10,1,troy,auditory,120,1,8,5,G,1,C,0,0,0
10,1,troy,auditory,121,4,8,1,A,1,X,2.49376558603491,1,0
10,1,troy,auditory,121,4,8,2,D,1,A,0,0,-1
10,1,troy,auditory,121,4,8,3,C,1,D,0,0,-1
10,1,troy,auditory,121,4,8,4,G,1,C,12.4688279301746,5,4
10,1,troy,auditory,121,4,8,5,F,1,G,2.49376558603491,1,0
10,1,troy,auditory,122,6,8,1,A,1,X,0,0,0
10,1,troy,auditory,122,6,8,2,D,1,A,1.63131056046967,1,1
10,1,troy,auditory,122,6,8,3,C,1,D,7.48129675810474,3,3
10,1,troy,auditory,122,6,8,4,F,1,C,4.98753117206983,2,2
10,1,troy,auditory,122,6,8,5,C,1,F,0,0,0
10,1,troy,auditory,123,12,8,1,A,1,X,0,0,0
10,1,troy,auditory,123,12,8,2,F,1,A,0,0,0
10,1,troy,auditory,123,12,8,3,C,1,F,0,0,0
10,1,troy,auditory,123,12,8,4,G,1,C,4.98753117206982,2,2
10,1,troy,auditory,123,12,8,5,C,1,G,4.98753117206982,2,2
10,1,troy,auditory,124,2,8,1,A,1,X,0,0,0
10,1,troy,auditory,124,2,8,2,D,1,A,2.49376558603491,2,2
10,1,troy,auditory,124,2,8,3,C,1,D,0,0,0
10,1,troy,auditory,124,2,8,4,F,1,C,0,0,0
10,1,troy,auditory,124,2,8,5,C,1,F,2.49376558603491,1,1
10,1,troy,auditory,125,11,8,1,A,1,X,0,0,0
10,1,troy,auditory,125,11,8,2,G,1,A,2.49376558603491,1,1
10,1,troy,auditory,125,11,8,3,C,1,G,2.49376558603491,1,1
10,1,troy,auditory,125,11,8,4,F,1,C,2.49376558603491,1,1
10,1,troy,auditory,125,11,8,5,C,1,F,2.49376558603491,1,1
10,1,troy,auditory,126,7,8,1,A,1,X,7.48129675810474,3,0
10,1,troy,auditory,126,7,8,2,C,1,A,4.98753117206983,2,-1
10,1,troy,auditory,126,7,8,3,G,1,C,0,0,-3
10,1,troy,auditory,126,7,8,4,F,1,G,0,0,-3
10,1,troy,auditory,126,7,8,5,C,1,F,0,0,-3
10,1,troy,auditory,127,5,8,1,A,1,X,7.48129675810474,3,0
10,1,troy,auditory,127,5,8,2,C,1,A,2.49376558603491,1,-2
10,1,troy,auditory,127,5,8,3,F,1,C,2.49376558603491,1,-2
10,1,troy,auditory,127,5,8,4,C,1,F,9.97506234413965,4,1
10,1,troy,auditory,127,5,8,5,G,1,C,0,0,-3
10,1,troy,auditory,128,15,8,1,A,1,X,2.49376558603491,1,0
10,1,troy,auditory,128,15,8,2,C,1,A,4.98753117206983,2,1
10,1,troy,auditory,128,15,8,3,F,1,C,17.4563591022444,7,6
10,1,troy,auditory,128,15,8,4,C,1,F,0,0,-1
10,1,troy,auditory,128,15,8,5,F,1,C,4.98753117206983,2,1
10,1,troy,auditory,129,8,9,1,A,1,X,0,0,0
10,1,troy,auditory,129,8,9,2,D,1,A,0,0,0
10,1,troy,auditory,129,8,9,3,C,1,D,0,0,0
10,1,troy,auditory,129,8,9,4,G,1,C,4.98753117206983,2,2
10,1,troy,auditory,129,8,9,5,F,1,G,4.98753117206983,2,2
10,1,troy,auditory,130,9,9,1,A,1,X,4.98753117206982,2,0
10,1,troy,auditory,130,9,9,2,G,1,A,4.98753117206983,2,0
10,1,troy,auditory,130,9,9,3,F,1,G,2.49376558603491,1,-1
10,1,troy,auditory,130,9,9,4,C,1,F,6.94304990681011,2,0
10,1,troy,auditory,130,9,9,5,D,1,C,7.48129675810474,3,1
10,1,troy,auditory,131,4,9,1,A,1,X,2.49376558603491,1,0
10,1,troy,auditory,131,4,9,2,D,1,A,4.98753117206983,2,1
10,1,troy,auditory,131,4,9,3,C,1,D,2.49376558603491,1,0
10,1,troy,auditory,131,4,9,4,G,1,C,12.4688279301746,5,4
10,1,troy,auditory,131,4,9,5,F,1,G,5.84998619763507,2,1
10,1,troy,auditory,132,12,9,1,A,1,X,4.98753117206982,2,0
10,1,troy,auditory,132,12,9,2,F,1,A,4.98753117206983,2,0
10,1,troy,auditory,132,12,9,3,C,1,F,4.65153598142176,2,0
10,1,troy,auditory,132,12,9,4,G,1,C,16.2101945019641,6,4
10,1,troy,auditory,132,12,9,5,C,1,G,11.214994688717,5,3
10,1,troy,auditory,133,11,9,1,A,1,X,3.29299780541048,2,0
10,1,troy,auditory,133,11,9,2,G,1,A,4.98753117206983,2,0
10,1,troy,auditory,133,11,9,3,C,1,G,4.98753117206983,2,0
10,1,troy,auditory,133,11,9,4,F,1,C,4.98753117206983,2,0
10,1,troy,auditory,133,11,9,5,C,1,F,9.97506234413965,4,2
10,1,troy,auditory,134,1,9,1,A,1,X,9.97506234413965,4,0
10,1,troy,auditory,134,1,9,2,C,1,A,2.49376558603491,1,-3
10,1,troy,auditory,134,1,9,3,F,1,C,2.49376558603491,1,-3
10,1,troy,auditory,134,1,9,4,C,1,F,4.98753117206983,2,-2
10,1,troy,auditory,134,1,9,5,G,1,C,0,0,-4
10,1,troy,auditory,135,16,9,1,A,1,X,4.98753117206982,2,0
10,1,troy,auditory,135,16,9,2,D,1,A,0,0,-2
10,1,troy,auditory,135,16,9,3,C,1,D,0,0,-2
10,1,troy,auditory,135,16,9,4,G,1,C,0,0,-2
10,1,troy,auditory,135,16,9,5,C,1,G,0,0,-2
10,1,troy,auditory,136,13,9,1,A,1,X,7.48129675810474,3,0
10,1,troy,auditory,136,13,9,2,D,1,A,2.49376558603491,1,-2
10,1,troy,auditory,136,13,9,3,F,1,D,2.49376558603491,1,-2
10,1,troy,auditory,136,13,9,4,C,1,F,0,0,-3
10,1,troy,auditory,136,13,9,5,G,1,C,0,0,-3
10,1,troy,auditory,137,10,9,1,A,1,X,2.49376558603491,1,0
10,1,troy,auditory,137,10,9,2,C,1,A,7.48129675810474,3,2
10,1,troy,auditory,137,10,9,3,D,1,C,7.14530156745668,3,2
10,1,troy,auditory,137,10,9,4,F,1,D,7.48129675810474,3,2
10,1,troy,auditory,137,10,9,5,C,1,F,4.98753117206983,2,1
10,1,troy,auditory,138,14,9,1,A,1,X,0,0,0
10,1,troy,auditory,138,14,9,2,D,1,A,0,0,0
10,1,troy,auditory,138,14,9,3,G,1,D,0,0,0
10,1,troy,auditory,138,14,9,4,F,1,G,2.49376558603491,1,1
10,1,troy,auditory,138,14,9,5,C,1,F,0,0,0
10,1,troy,auditory,139,7,9,1,A,1,X,4.98753117206982,2,0
10,1,troy,auditory,139,7,9,2,C,1,A,5.14713588260972,2,0
10,1,troy,auditory,139,7,9,3,G,1,C,4.98753117206982,2,0
10,1,troy,auditory,139,7,9,4,F,1,G,4.98753117206982,2,0
10,1,troy,auditory,139,7,9,5,C,1,F,7.48129675810474,3,1
10,1,troy,auditory,140,6,9,1,A,1,X,0,0,0
10,1,troy,auditory,140,6,9,2,D,1,A,2.49376558603491,1,1
10,1,troy,auditory,140,6,9,3,C,1,D,2.49376558603491,1,1
10,1,troy,auditory,140,6,9,4,F,1,C,3.02470236985086,1,1
10,1,troy,auditory,140,6,9,5,C,1,F,7.48129675810474,3,3
10,1,troy,auditory,141,3,9,1,A,1,X,4.98753117206983,2,0
10,1,troy,auditory,141,3,9,2,C,1,A,2.49376558603491,1,-1
10,1,troy,auditory,141,3,9,3,G,1,C,4.98753117206983,2,0
10,1,troy,auditory,141,3,9,4,F,1,G,9.84788717639468,3,1
10,1,troy,auditory,141,3,9,5,C,1,F,7.48129675810474,3,1
10,1,troy,auditory,142,5,9,1,A,1,X,4.98753117206983,2,0
10,1,troy,auditory,142,5,9,2,C,1,A,4.98753117206983,2,0
10,1,troy,auditory,142,5,9,3,F,1,C,3.47824535675006,1,-1
10,1,troy,auditory,142,5,9,4,C,1,F,2.33416087549502,1,-1
10,1,troy,auditory,142,5,9,5,G,1,C,2.49376558603491,0,-2
10,1,troy,auditory,143,15,9,1,A,1,X,0,0,0
10,1,troy,auditory,143,15,9,2,C,1,A,0,0,0
10,1,troy,auditory,143,15,9,3,F,1,C,2.78641690734823,2,2
10,1,troy,auditory,143,15,9,4,C,1,F,4.98753117206983,2,2
10,1,troy,auditory,143,15,9,5,F,1,C,1.96282880221897,1,1
10,1,troy,auditory,144,2,9,1,A,1,X,4.98753117206982,2,0
10,1,troy,auditory,144,2,9,2,D,1,A,9.97506234413965,4,2
10,1,troy,auditory,144,2,9,3,C,1,D,7.48129675810474,3,1
10,1,troy,auditory,144,2,9,4,F,1,C,4.98753117206983,2,0
10,1,troy,auditory,144,2,9,5,C,1,F,9.97506234413965,4,2
10,1,troy,auditory,145,8,10,1,A,1,X,2.49376558603491,1,0
10,1,troy,auditory,145,8,10,2,D,1,A,4.98753117206983,2,1
10,1,troy,auditory,145,8,10,3,C,1,D,0,0,-1
10,1,troy,auditory,145,8,10,4,G,1,C,0,0,-1
10,1,troy,auditory,145,8,10,5,F,1,G,0,0,-1
10,1,troy,auditory,146,14,10,1,A,1,X,0,0,0
10,1,troy,auditory,146,14,10,2,D,1,A,0,0,0
10,1,troy,auditory,146,14,10,3,G,1,D,4.98753117206983,2,2
10,1,troy,auditory,146,14,10,4,F,1,G,0,0,0
10,1,troy,auditory,146,14,10,5,C,1,F,7.48129675810474,3,3
10,1,troy,auditory,147,3,10,1,A,1,X,4.98753117206983,2,0
10,1,troy,auditory,147,3,10,2,C,1,A,4.98753117206983,0,-2
10,1,troy,auditory,147,3,10,3,G,1,C,0,0,-2
10,1,troy,auditory,147,3,10,4,F,1,G,12.0377981959057,5,3
10,1,troy,auditory,147,3,10,5,C,1,F,7.48129675810474,3,1
10,1,troy,auditory,148,7,10,1,A,1,X,0,0,0
10,1,troy,auditory,148,7,10,2,C,1,A,2.49376558603491,1,1
10,1,troy,auditory,148,7,10,3,G,1,C,2.49376558603491,1,1
10,1,troy,auditory,148,7,10,4,F,1,G,0,0,0
10,1,troy,auditory,148,7,10,5,C,1,F,9.97506234413965,4,4
10,1,troy,auditory,149,1,10,1,A,1,X,0,0,0
10,1,troy,auditory,149,1,10,2,C,1,A,4.18829895269426,1,1
10,1,troy,auditory,149,1,10,3,F,1,C,4.98753117206983,2,2
10,1,troy,auditory,149,1,10,4,C,1,F,12.4688279301746,5,5
10,1,troy,auditory,149,1,10,5,G,1,C,4.98753117206983,2,2
10,1,troy,auditory,150,15,10,1,A,1,X,7.8172919487528,3,0
10,1,troy,auditory,150,15,10,2,C,1,A,7.48129675810474,3,0
10,1,troy,auditory,150,15,10,3,F,1,C,17.4563591022444,7,4
10,1,troy,auditory,150,15,10,4,C,1,F,32.4189526184539,12,9
10,1,troy,auditory,150,15,10,5,F,1,C,7.9123264923736,3,0
10,1,troy,auditory,151,9,10,1,A,1,X,19.9501246882793,8,0
10,1,troy,auditory,151,9,10,2,G,1,A,11.7224476581785,5,-3
10,1,troy,auditory,151,9,10,3,F,1,G,26.2491764691192,9,1
10,1,troy,auditory,151,9,10,4,C,1,F,0,0,-8
10,1,troy,auditory,151,9,10,5,D,1,C,7.48129675810474,3,-5
10,1,troy,auditory,152,2,10,1,A,1,X,2.49376558603491,1,0
10,1,troy,auditory,152,2,10,2,D,1,A,0,0,-1
10,1,troy,auditory,152,2,10,3,C,1,D,2.49376558603491,1,0
10,1,troy,auditory,152,2,10,4,F,1,C,2.73936111601623,1,0
10,1,troy,auditory,152,2,10,5,C,1,F,0,0,-1
10,1,troy,auditory,153,16,10,1,A,1,X,0.0778077120628084,0,0
10,1,troy,auditory,153,16,10,2,D,1,A,4.98753117206983,2,2
10,1,troy,auditory,153,16,10,3,C,1,D,7.48129675810474,3,3
10,1,troy,auditory,153,16,10,4,G,1,C,0,0,0
10,1,troy,auditory,153,16,10,5,C,1,G,10.6106855028532,5,5
10,1,troy,auditory,154,10,10,1,A,1,X,0,0,0
10,1,troy,auditory,154,10,10,2,C,1,A,2.49376558603491,1,1
10,1,troy,auditory,154,10,10,3,D,1,C,4.98753117206983,2,2
10,1,troy,auditory,154,10,10,4,F,1,D,2.49376558603491,1,1
10,1,troy,auditory,154,10,10,5,C,1,F,1.10443726520201,1,1
10,1,troy,auditory,155,12,10,1,A,1,X,2.49376558603491,1,0
10,1,troy,auditory,155,12,10,2,F,1,A,0,0,-1
10,1,troy,auditory,155,12,10,3,C,1,F,2.49376558603491,1,0
10,1,troy,auditory,155,12,10,4,G,1,C,10.6110284662624,4,3
10,1,troy,auditory,155,12,10,5,C,1,G,2.49376558603491,0,-1
10,1,troy,auditory,156,5,10,1,A,1,X,0,0,0
10,1,troy,auditory,156,5,10,2,C,1,A,4.98753117206982,2,2
10,1,troy,auditory,156,5,10,3,F,1,C,4.98753117206982,2,2
10,1,troy,auditory,156,5,10,4,C,1,F,0,0,0
10,1,troy,auditory,156,5,10,5,G,1,C,0,0,0
10,1,troy,auditory,157,11,10,1,A,1,X,0.955529326024842,1,0
10,1,troy,auditory,157,11,10,2,G,1,A,4.98753117206982,2,1
10,1,troy,auditory,157,11,10,3,C,1,G,0,0,-1
10,1,troy,auditory,157,11,10,4,F,1,C,0,0,-1
10,1,troy,auditory,157,11,10,5,C,1,F,8.11691991681831,4,3
10,1,troy,auditory,158,4,10,1,A,1,X,1.38932832083291,0,0
10,1,troy,auditory,158,4,10,2,D,1,A,0,0,0
10,1,troy,auditory,158,4,10,3,C,1,D,0,0,0
10,1,troy,auditory,158,4,10,4,G,1,C,2.49376558603491,1,1
10,1,troy,auditory,158,4,10,5,F,1,G,2.49376558603491,1,1
10,1,troy,auditory,159,13,10,1,A,1,X,2.49376558603491,1,0
10,1,troy,auditory,159,13,10,2,D,1,A,2.49376558603491,1,0
10,1,troy,auditory,159,13,10,3,F,1,D,0,0,-1
10,1,troy,auditory,159,13,10,4,C,1,F,4.98753117206983,2,1
10,1,troy,auditory,159,13,10,5,G,1,C,7.48129675810474,3,2
10,1,troy,auditory,160,6,10,1,A,1,X,0,0,0
10,1,troy,auditory,160,6,10,2,D,1,A,2.49376558603491,1,1
10,1,troy,auditory,160,6,10,3,C,1,D,2.49376558603491,1,1
10,1,troy,auditory,160,6,10,4,F,1,C,7.48129675810474,3,3
10,1,troy,auditory,160,6,10,5,C,1,F,2.49376558603491,1,1
