neuron_i,session_i,monkey,area,trial,seq_idx,seq_rep_n,seq_pos,elem_id,rwd_trial,prev_elem,average_win_fr,average_win_spkCount,average_win_delta_spkCount
1116,26,troy,auditory,1,6,1,1,A,1,X,0,0,0
1116,26,troy,auditory,1,6,1,2,D,1,A,0,0,0
1116,26,troy,auditory,1,6,1,3,C,1,D,0,0,0
1116,26,troy,auditory,1,6,1,4,F,1,C,2.49376558603491,1,1
1116,26,troy,auditory,1,6,1,5,C,1,F,0,0,0
1116,26,troy,auditory,2,1,1,1,A,1,X,2.49376558603491,1,0
1116,26,troy,auditory,2,1,1,2,C,1,A,2.49376558603491,1,0
1116,26,troy,auditory,2,1,1,3,F,1,C,0,0,-1
1116,26,troy,auditory,2,1,1,4,C,1,F,2.49376558603491,1,0
1116,26,troy,auditory,2,1,1,5,G,1,C,0,0,-1
1116,26,troy,auditory,3,14,1,1,A,1,X,2.49376558603491,1,0
1116,26,troy,auditory,3,14,1,2,D,1,A,0,0,-1
1116,26,troy,auditory,3,14,1,3,G,1,D,0,0,-1
1116,26,troy,auditory,3,14,1,4,F,1,G,0,0,-1
1116,26,troy,auditory,3,14,1,5,C,1,F,4.98753117206983,2,1
1116,26,troy,auditory,4,12,1,1,A,0,X,9.33909622201689,4,0
1116,26,troy,auditory,4,12,1,2,F,0,A,4.98753117206983,2,-2
1116,26,troy,auditory,4,12,1,3,C,0,F,4.24115090007378,2,-2
1116,26,troy,auditory,4,12,1,4,G,0,C,2.49376558603491,1,-3
1116,26,troy,auditory,4,12,1,5,C,0,G,0,0,-4
1116,26,troy,auditory,5,10,1,1,A,1,X,0,0,0
1116,26,troy,auditory,5,10,1,2,C,1,A,0,0,0
1116,26,troy,auditory,5,10,1,3,D,1,C,0,0,0
1116,26,troy,auditory,5,10,1,4,F,1,D,0,0,0
1116,26,troy,auditory,5,10,1,5,C,1,F,2.49376558603491,1,1
1116,26,troy,auditory,6,11,1,1,A,1,X,2.49376558603491,1,0
1116,26,troy,auditory,6,11,1,2,G,1,A,0,0,-1
1116,26,troy,auditory,6,11,1,3,C,1,G,0,0,-1
1116,26,troy,auditory,6,11,1,4,F,1,C,0,0,-1
1116,26,troy,auditory,6,11,1,5,C,1,F,2.49376558603491,1,0
1116,26,troy,auditory,7,8,1,1,A,1,X,0,0,0
1116,26,troy,auditory,7,8,1,2,D,1,A,0,0,0
1116,26,troy,auditory,7,8,1,3,C,1,D,4.98753117206983,2,2
1116,26,troy,auditory,7,8,1,4,G,1,C,0,0,0
1116,26,troy,auditory,7,8,1,5,F,1,G,0,0,0
1116,26,troy,auditory,8,9,1,1,A,1,X,4.98753117206983,2,0
1116,26,troy,auditory,8,9,1,2,G,1,A,0,0,-2
1116,26,troy,auditory,8,9,1,3,F,1,G,0,0,-2
1116,26,troy,auditory,8,9,1,4,C,1,F,0,0,-2
1116,26,troy,auditory,8,9,1,5,D,1,C,0,0,-2
1116,26,troy,auditory,9,5,1,1,A,1,X,3.45206417259896,1,0
1116,26,troy,auditory,9,5,1,2,C,1,A,4.98753117206983,2,1
1116,26,troy,auditory,9,5,1,3,F,1,C,0,0,-1
1116,26,troy,auditory,9,5,1,4,C,1,F,4.98753117206982,2,1
1116,26,troy,auditory,9,5,1,5,G,1,C,0,0,-1
1116,26,troy,auditory,10,7,1,1,A,0,X,NaN,0,0
1116,26,troy,auditory,10,7,1,2,C,0,A,NaN,0,0
1116,26,troy,auditory,10,7,1,3,G,0,C,NaN,0,0
1116,26,troy,auditory,10,7,1,4,F,0,G,NaN,0,0
1116,26,troy,auditory,10,7,1,5,C,0,F,NaN,0,0
1116,26,troy,auditory,11,3,1,1,A,1,X,2.49376558603491,1,0
1116,26,troy,auditory,11,3,1,2,C,1,A,2.49376558603491,1,0
1116,26,troy,auditory,11,3,1,3,G,1,C,0,0,-1
1116,26,troy,auditory,11,3,1,4,F,1,G,2.36659041828994,0,-1
1116,26,troy,auditory,11,3,1,5,C,1,F,0,0,-1
1116,26,troy,auditory,12,13,1,1,A,1,X,0,0,0
1116,26,troy,auditory,12,13,1,2,D,1,A,0,0,0
1116,26,troy,auditory,12,13,1,3,F,1,D,0,0,0
1116,26,troy,auditory,12,13,1,4,C,1,F,0,0,0
1116,26,troy,auditory,12,13,1,5,G,1,C,0,0,0
1116,26,troy,auditory,13,15,1,1,A,1,X,0,0,0
1116,26,troy,auditory,13,15,1,2,C,1,A,0,0,0
1116,26,troy,auditory,13,15,1,3,F,1,C,4.74193564208851,2,2
1116,26,troy,auditory,13,15,1,4,C,1,F,2.49376558603491,1,1
1116,26,troy,auditory,13,15,1,5,F,1,C,0,0,0
1116,26,troy,auditory,14,2,1,1,A,1,X,0,0,0
1116,26,troy,auditory,14,2,1,2,D,1,A,0,0,0
1116,26,troy,auditory,14,2,1,3,C,1,D,0.799232219375569,1,1
1116,26,troy,auditory,14,2,1,4,F,1,C,7.48129675810474,3,3
1116,26,troy,auditory,14,2,1,5,C,1,F,4.98753117206983,2,2
1116,26,troy,auditory,15,4,1,1,A,1,X,0,0,0
1116,26,troy,auditory,15,4,1,2,D,1,A,2.49376558603491,0,0
1116,26,troy,auditory,15,4,1,3,C,1,D,0,0,0
1116,26,troy,auditory,15,4,1,4,G,1,C,0,0,0
1116,26,troy,auditory,15,4,1,5,F,1,G,0,0,0
1116,26,troy,auditory,16,16,1,1,A,1,X,0,0,0
1116,26,troy,auditory,16,16,1,2,D,1,A,4.98753117206983,2,2
1116,26,troy,auditory,16,16,1,3,C,1,D,0,0,0
1116,26,troy,auditory,16,16,1,4,G,1,C,0,0,0
1116,26,troy,auditory,16,16,1,5,C,1,G,0,0,0
1116,26,troy,auditory,17,4,2,1,A,1,X,0,0,0
1116,26,troy,auditory,17,4,2,2,D,1,A,2.49376558603491,1,1
1116,26,troy,auditory,17,4,2,3,C,1,D,0,0,0
1116,26,troy,auditory,17,4,2,4,G,1,C,2.49376558603491,1,1
1116,26,troy,auditory,17,4,2,5,F,1,G,0,0,0
1116,26,troy,auditory,18,6,2,1,A,0,X,0,0,0
1116,26,troy,auditory,18,6,2,2,D,0,A,0,0,0
1116,26,troy,auditory,18,6,2,3,C,0,D,2.49376558603491,1,1
1116,26,troy,auditory,18,6,2,4,F,0,C,2.49376558603491,1,1
1116,26,troy,auditory,18,6,2,5,C,0,F,0,0,0
1116,26,troy,auditory,19,14,2,1,A,0,X,0,0,0
1116,26,troy,auditory,19,14,2,2,D,0,A,4.98753117206983,2,2
1116,26,troy,auditory,19,14,2,3,G,0,D,0,0,0
1116,26,troy,auditory,19,14,2,4,F,0,G,4.45659438825388,2,2
1116,26,troy,auditory,19,14,2,5,C,0,F,0,0,0
1116,26,troy,auditory,20,10,2,1,A,0,X,NaN,0,0
1116,26,troy,auditory,20,10,2,2,C,0,A,NaN,0,0
1116,26,troy,auditory,20,10,2,3,D,0,C,NaN,0,0
1116,26,troy,auditory,20,10,2,4,F,0,D,NaN,0,0
1116,26,troy,auditory,20,10,2,5,C,0,F,NaN,0,0
1116,26,troy,auditory,21,13,2,1,A,0,X,NaN,0,0
1116,26,troy,auditory,21,13,2,2,D,0,A,NaN,0,0
1116,26,troy,auditory,21,13,2,3,F,0,D,NaN,0,0
1116,26,troy,auditory,21,13,2,4,C,0,F,NaN,0,0
1116,26,troy,auditory,21,13,2,5,G,0,C,NaN,0,0
1116,26,troy,auditory,22,11,2,1,A,0,X,NaN,0,0
1116,26,troy,auditory,22,11,2,2,G,0,A,NaN,0,0
1116,26,troy,auditory,22,11,2,3,C,0,G,NaN,0,0
1116,26,troy,auditory,22,11,2,4,F,0,C,NaN,0,0
1116,26,troy,auditory,22,11,2,5,C,0,F,NaN,0,0
1116,26,troy,auditory,23,15,2,1,A,0,X,NaN,0,0
1116,26,troy,auditory,23,15,2,2,C,0,A,NaN,0,0
1116,26,troy,auditory,23,15,2,3,F,0,C,NaN,0,0
1116,26,troy,auditory,23,15,2,4,C,0,F,NaN,0,0
1116,26,troy,auditory,23,15,2,5,F,0,C,NaN,0,0
1116,26,troy,auditory,24,9,2,1,A,0,X,NaN,0,0
1116,26,troy,auditory,24,9,2,2,G,0,A,NaN,0,0
1116,26,troy,auditory,24,9,2,3,F,0,G,NaN,0,0
1116,26,troy,auditory,24,9,2,4,C,0,F,NaN,0,0
1116,26,troy,auditory,24,9,2,5,D,0,C,NaN,0,0
1116,26,troy,auditory,25,8,2,1,A,0,X,NaN,0,0
1116,26,troy,auditory,25,8,2,2,D,0,A,NaN,0,0
1116,26,troy,auditory,25,8,2,3,C,0,D,NaN,0,0
1116,26,troy,auditory,25,8,2,4,G,0,C,NaN,0,0
1116,26,troy,auditory,25,8,2,5,F,0,G,NaN,0,0
1116,26,troy,auditory,26,5,2,1,A,1,X,2.49376558603491,1,0
1116,26,troy,auditory,26,5,2,2,C,1,A,0,0,-1
1116,26,troy,auditory,26,5,2,3,F,1,C,0,0,-1
1116,26,troy,auditory,26,5,2,4,C,1,F,0,0,-1
1116,26,troy,auditory,26,5,2,5,G,1,C,12.4688279301746,5,4
1116,26,troy,auditory,27,2,2,1,A,1,X,2.49376558603491,0,0
1116,26,troy,auditory,27,2,2,2,D,1,A,0,0,0
1116,26,troy,auditory,27,2,2,3,C,1,D,0,0,0
1116,26,troy,auditory,27,2,2,4,F,1,C,0,0,0
1116,26,troy,auditory,27,2,2,5,C,1,F,0,0,0
1116,26,troy,auditory,28,3,2,1,A,1,X,2.49376558603491,1,0
1116,26,troy,auditory,28,3,2,2,C,1,A,4.98753117206983,2,1
1116,26,troy,auditory,28,3,2,3,G,1,C,0,0,-1
1116,26,troy,auditory,28,3,2,4,F,1,G,0,0,-1
1116,26,troy,auditory,28,3,2,5,C,1,F,2.49376558603491,1,0
1116,26,troy,auditory,29,7,2,1,A,1,X,0,0,0
1116,26,troy,auditory,29,7,2,2,C,1,A,0,0,0
1116,26,troy,auditory,29,7,2,3,G,1,C,0,0,0
1116,26,troy,auditory,29,7,2,4,F,1,G,2.49376558603491,1,1
1116,26,troy,auditory,29,7,2,5,C,1,F,0,0,0
1116,26,troy,auditory,30,1,2,1,A,1,X,0,0,0
1116,26,troy,auditory,30,1,2,2,C,1,A,0,0,0
1116,26,troy,auditory,30,1,2,3,F,1,C,0,0,0
1116,26,troy,auditory,30,1,2,4,C,1,F,0,0,0
1116,26,troy,auditory,30,1,2,5,G,1,C,9.36486386598211,3,3
1116,26,troy,auditory,31,12,2,1,A,1,X,6.23369577235013,3,0
1116,26,troy,auditory,31,12,2,2,F,1,A,4.00305140135468,2,-1
1116,26,troy,auditory,31,12,2,3,C,1,F,7.48129675810474,3,0
1116,26,troy,auditory,31,12,2,4,G,1,C,0,0,-3
1116,26,troy,auditory,31,12,2,5,C,1,G,2.49376558603491,1,-2
1116,26,troy,auditory,32,16,2,1,A,1,X,0,0,0
1116,26,troy,auditory,32,16,2,2,D,1,A,4.98753117206982,2,2
1116,26,troy,auditory,32,16,2,3,C,1,D,0,0,0
1116,26,troy,auditory,32,16,2,4,G,1,C,0,0,0
1116,26,troy,auditory,32,16,2,5,C,1,G,0.431029734268861,0,0
1116,26,troy,auditory,33,8,3,1,A,1,X,2.4159578739721,1,0
1116,26,troy,auditory,33,8,3,2,D,1,A,0,0,-1
1116,26,troy,auditory,33,8,3,3,C,1,D,4.98753117206982,2,1
1116,26,troy,auditory,33,8,3,4,G,1,C,5.94306049809467,3,2
1116,26,troy,auditory,33,8,3,5,F,1,G,2.49376558603491,1,0
1116,26,troy,auditory,34,16,3,1,A,1,X,0,0,0
1116,26,troy,auditory,34,16,3,2,D,1,A,0,0,0
1116,26,troy,auditory,34,16,3,3,C,1,D,0,0,0
1116,26,troy,auditory,34,16,3,4,G,1,C,0.746380271996048,0,0
1116,26,troy,auditory,34,16,3,5,C,1,G,2.49376558603491,1,1
1116,26,troy,auditory,35,13,3,1,A,1,X,4.98753117206983,2,0
1116,26,troy,auditory,35,13,3,2,D,1,A,0,0,-2
1116,26,troy,auditory,35,13,3,3,F,1,D,11.833204771461,4,2
1116,26,troy,auditory,35,13,3,4,C,1,F,0,0,-2
1116,26,troy,auditory,35,13,3,5,G,1,C,0,0,-2
1116,26,troy,auditory,36,5,3,1,A,1,X,0,0,0
1116,26,troy,auditory,36,5,3,2,C,1,A,9.97506234413965,4,4
1116,26,troy,auditory,36,5,3,3,F,1,C,2.49376558603491,1,1
1116,26,troy,auditory,36,5,3,4,C,1,F,0,0,0
1116,26,troy,auditory,36,5,3,5,G,1,C,0,0,0
1116,26,troy,auditory,37,10,3,1,A,1,X,14.9625935162095,6,0
1116,26,troy,auditory,37,10,3,2,C,1,A,7.48129675810474,4,-2
1116,26,troy,auditory,37,10,3,3,D,1,C,2.49376558603491,1,-5
1116,26,troy,auditory,37,10,3,4,F,1,D,4.98753117206983,2,-4
1116,26,troy,auditory,37,10,3,5,C,1,F,0,0,-6
1116,26,troy,auditory,38,3,3,1,A,1,X,2.49376558603491,1,0
1116,26,troy,auditory,38,3,3,2,C,1,A,2.49376558603491,1,0
1116,26,troy,auditory,38,3,3,3,G,1,C,0,0,-1
1116,26,troy,auditory,38,3,3,4,F,1,G,0,0,-1
1116,26,troy,auditory,38,3,3,5,C,1,F,0,0,-1
1116,26,troy,auditory,39,14,3,1,A,1,X,0,0,0
1116,26,troy,auditory,39,14,3,2,D,1,A,0,0,0
1116,26,troy,auditory,39,14,3,3,G,1,D,0,0,0
1116,26,troy,auditory,39,14,3,4,F,1,G,0,0,0
1116,26,troy,auditory,39,14,3,5,C,1,F,2.49376558603491,1,1
1116,26,troy,auditory,40,15,3,1,A,1,X,7.48129675810474,3,0
1116,26,troy,auditory,40,15,3,2,C,1,A,0,0,-3
1116,26,troy,auditory,40,15,3,3,F,1,C,2.49376558603491,1,-2
1116,26,troy,auditory,40,15,3,4,C,1,F,0,0,-3
1116,26,troy,auditory,40,15,3,5,F,1,C,2.49376558603491,1,-2
1116,26,troy,auditory,41,2,3,1,A,1,X,0,0,0
1116,26,troy,auditory,41,2,3,2,D,1,A,0,0,0
1116,26,troy,auditory,41,2,3,3,C,1,D,0,0,0
1116,26,troy,auditory,41,2,3,4,F,1,C,2.49376558603491,1,1
1116,26,troy,auditory,41,2,3,5,C,1,F,4.98753117206983,2,2
1116,26,troy,auditory,42,7,3,1,A,1,X,0,0,0
1116,26,troy,auditory,42,7,3,2,C,1,A,2.49376558603491,1,1
1116,26,troy,auditory,42,7,3,3,G,1,C,0,0,0
1116,26,troy,auditory,42,7,3,4,F,1,G,0,0,0
1116,26,troy,auditory,42,7,3,5,C,1,F,7.48129675810474,3,3
1116,26,troy,auditory,43,11,3,1,A,1,X,0,0,0
1116,26,troy,auditory,43,11,3,2,G,1,A,7.48129675810474,3,3
1116,26,troy,auditory,43,11,3,3,C,1,G,7.48129675810474,3,3
1116,26,troy,auditory,43,11,3,4,F,1,C,2.49376558603491,1,1
1116,26,troy,auditory,43,11,3,5,C,1,F,4.98753117206983,2,2
1116,26,troy,auditory,44,1,3,1,A,1,X,2.49376558603491,1,0
1116,26,troy,auditory,44,1,3,2,C,1,A,0.46563052444525,1,0
1116,26,troy,auditory,44,1,3,3,F,1,C,0,0,-1
1116,26,troy,auditory,44,1,3,4,C,1,F,4.98753117206982,2,1
1116,26,troy,auditory,44,1,3,5,G,1,C,0,0,-1
1116,26,troy,auditory,45,12,3,1,A,1,X,2.49376558603491,1,0
1116,26,troy,auditory,45,12,3,2,F,1,A,0,0,-1
1116,26,troy,auditory,45,12,3,3,C,1,F,8.59405393493712,3,2
1116,26,troy,auditory,45,12,3,4,G,1,C,4.98753117206982,2,1
1116,26,troy,auditory,45,12,3,5,C,1,G,0,0,-1
1116,26,troy,auditory,46,9,3,1,A,1,X,0,0,0
1116,26,troy,auditory,46,9,3,2,G,1,A,2.49376558603491,1,1
1116,26,troy,auditory,46,9,3,3,F,1,G,2.49376558603491,1,1
1116,26,troy,auditory,46,9,3,4,C,1,F,0,0,0
1116,26,troy,auditory,46,9,3,5,D,1,C,2.49376558603491,1,1
1116,26,troy,auditory,47,6,3,1,A,1,X,0,0,0
1116,26,troy,auditory,47,6,3,2,D,1,A,0,0,0
1116,26,troy,auditory,47,6,3,3,C,1,D,2.49376558603491,1,1
1116,26,troy,auditory,47,6,3,4,F,1,C,4.98753117206983,2,2
1116,26,troy,auditory,47,6,3,5,C,1,F,0,0,0
1116,26,troy,auditory,48,4,3,1,A,1,X,0,0,0
1116,26,troy,auditory,48,4,3,2,D,1,A,0,0,0
1116,26,troy,auditory,48,4,3,3,C,1,D,0,0,0
1116,26,troy,auditory,48,4,3,4,G,1,C,4.98753117206982,2,2
1116,26,troy,auditory,48,4,3,5,F,1,G,0,0,0
1116,26,troy,auditory,49,3,4,1,A,1,X,2.36659041828994,0,0
1116,26,troy,auditory,49,3,4,2,C,1,A,0,0,0
1116,26,troy,auditory,49,3,4,3,G,1,C,2.49376558603491,1,1
1116,26,troy,auditory,49,3,4,4,F,1,G,2.49376558603491,1,1
1116,26,troy,auditory,49,3,4,5,C,1,F,0,0,0
1116,26,troy,auditory,50,10,4,1,A,1,X,4.98753117206983,2,0
1116,26,troy,auditory,50,10,4,2,C,1,A,2.49376558603491,1,-1
1116,26,troy,auditory,50,10,4,3,D,1,C,2.49376558603491,1,-1
1116,26,troy,auditory,50,10,4,4,F,1,D,0,0,-2
1116,26,troy,auditory,50,10,4,5,C,1,F,0,0,-2
1116,26,troy,auditory,51,1,4,1,A,1,X,2.49376558603491,0,0
1116,26,troy,auditory,51,1,4,2,C,1,A,4.98753117206983,2,2
1116,26,troy,auditory,51,1,4,3,F,1,C,7.48129675810474,3,3
1116,26,troy,auditory,51,1,4,4,C,1,F,2.49376558603491,1,1
1116,26,troy,auditory,51,1,4,5,G,1,C,2.49376558603491,1,1
1116,26,troy,auditory,52,7,4,1,A,1,X,4.98753117206983,2,0
1116,26,troy,auditory,52,7,4,2,C,1,A,0,0,-2
1116,26,troy,auditory,52,7,4,3,G,1,C,0,0,-2
1116,26,troy,auditory,52,7,4,4,F,1,G,2.49376558603491,0,-2
1116,26,troy,auditory,52,7,4,5,C,1,F,0,0,-2
1116,26,troy,auditory,53,15,4,1,A,1,X,1.63131056046967,1,0
1116,26,troy,auditory,53,15,4,2,C,1,A,9.97506234413965,4,3
1116,26,troy,auditory,53,15,4,3,F,1,C,0,0,-1
1116,26,troy,auditory,53,15,4,4,C,1,F,0,0,-1
1116,26,troy,auditory,53,15,4,5,F,1,C,2.49376558603491,1,0
1116,26,troy,auditory,54,2,4,1,A,1,X,1.85779946391215,1,0
1116,26,troy,auditory,54,2,4,2,D,1,A,0,0,-1
1116,26,troy,auditory,54,2,4,3,C,1,D,4.98753117206982,2,1
1116,26,troy,auditory,54,2,4,4,F,1,C,2.49376558603491,1,0
1116,26,troy,auditory,54,2,4,5,C,1,F,0,0,-1
1116,26,troy,auditory,55,12,4,1,A,1,X,2.49376558603491,1,0
1116,26,troy,auditory,55,12,4,2,F,1,A,0,0,-1
1116,26,troy,auditory,55,12,4,3,C,1,F,0,0,-1
1116,26,troy,auditory,55,12,4,4,G,1,C,4.98753117206982,2,1
1116,26,troy,auditory,55,12,4,5,C,1,G,0,0,-1
1116,26,troy,auditory,56,4,4,1,A,1,X,7.48129675810474,3,0
1116,26,troy,auditory,56,4,4,2,D,1,A,0,0,-3
1116,26,troy,auditory,56,4,4,3,C,1,D,0,0,-3
1116,26,troy,auditory,56,4,4,4,G,1,C,4.98753117206983,2,-1
1116,26,troy,auditory,56,4,4,5,F,1,G,2.49376558603491,1,-2
1116,26,troy,auditory,57,14,4,1,A,1,X,0,0,0
1116,26,troy,auditory,57,14,4,2,D,1,A,2.49376558603491,1,1
1116,26,troy,auditory,57,14,4,3,G,1,D,4.98753117206983,2,2
1116,26,troy,auditory,57,14,4,4,F,1,G,2.49376558603491,1,1
1116,26,troy,auditory,57,14,4,5,C,1,F,2.49376558603491,1,1
1116,26,troy,auditory,58,5,4,1,A,1,X,2.49376558603491,1,0
1116,26,troy,auditory,58,5,4,2,C,1,A,0,0,-1
1116,26,troy,auditory,58,5,4,3,F,1,C,0,0,-1
1116,26,troy,auditory,58,5,4,4,C,1,F,2.49376558603491,1,0
1116,26,troy,auditory,58,5,4,5,G,1,C,0,0,-1
1116,26,troy,auditory,59,8,4,1,A,1,X,4.98753117206983,2,0
1116,26,troy,auditory,59,8,4,2,D,1,A,2.49376558603491,1,-1
1116,26,troy,auditory,59,8,4,3,C,1,D,0,0,-2
1116,26,troy,auditory,59,8,4,4,G,1,C,0,0,-2
1116,26,troy,auditory,59,8,4,5,F,1,G,0,0,-2
1116,26,troy,auditory,60,13,4,1,A,1,X,2.49376558603491,1,0
1116,26,troy,auditory,60,13,4,2,D,1,A,0,0,-1
1116,26,troy,auditory,60,13,4,3,F,1,D,0,0,-1
1116,26,troy,auditory,60,13,4,4,C,1,F,2.49376558603491,1,0
1116,26,troy,auditory,60,13,4,5,G,1,C,0,0,-1
1116,26,troy,auditory,61,11,4,1,A,1,X,2.49376558603491,1,0
1116,26,troy,auditory,61,11,4,2,G,1,A,0,0,-1
1116,26,troy,auditory,61,11,4,3,C,1,G,2.49376558603491,1,0
1116,26,troy,auditory,61,11,4,4,F,1,C,4.98753117206983,2,1
1116,26,troy,auditory,61,11,4,5,C,1,F,7.48129675810474,2,1
1116,26,troy,auditory,62,16,4,1,A,1,X,4.98753117206983,1,0
1116,26,troy,auditory,62,16,4,2,D,1,A,2.49376558603491,1,0
1116,26,troy,auditory,62,16,4,3,C,1,D,0,0,-1
1116,26,troy,auditory,62,16,4,4,G,1,C,0,0,-1
1116,26,troy,auditory,62,16,4,5,C,1,G,4.98753117206983,2,1
1116,26,troy,auditory,63,9,4,1,A,1,X,2.49376558603491,1,0
1116,26,troy,auditory,63,9,4,2,G,1,A,4.98753117206983,2,1
1116,26,troy,auditory,63,9,4,3,F,1,G,0,0,-1
1116,26,troy,auditory,63,9,4,4,C,1,F,0,0,-1
1116,26,troy,auditory,63,9,4,5,D,1,C,4.98753117206983,2,1
1116,26,troy,auditory,64,6,4,1,A,1,X,0,0,0
1116,26,troy,auditory,64,6,4,2,D,1,A,0,0,0
1116,26,troy,auditory,64,6,4,3,C,1,D,2.49376558603491,1,1
1116,26,troy,auditory,64,6,4,4,F,1,C,0,0,0
1116,26,troy,auditory,64,6,4,5,C,1,F,0,0,0
1116,26,troy,auditory,65,3,5,1,A,1,X,0.530936783815944,0,0
1116,26,troy,auditory,65,3,5,2,C,1,A,7.48129675810474,3,3
1116,26,troy,auditory,65,3,5,3,G,1,C,4.98753117206983,2,2
1116,26,troy,auditory,65,3,5,4,F,1,G,2.49376558603491,1,1
1116,26,troy,auditory,65,3,5,5,C,1,F,0,0,0
1116,26,troy,auditory,66,16,5,1,A,1,X,2.49376558603491,1,0
1116,26,troy,auditory,66,16,5,2,D,1,A,0,0,-1
1116,26,troy,auditory,66,16,5,3,C,1,D,0,0,-1
1116,26,troy,auditory,66,16,5,4,G,1,C,7.48129675810474,3,2
1116,26,troy,auditory,66,16,5,5,C,1,G,0,0,-1
1116,26,troy,auditory,67,11,5,1,A,1,X,2.49376558603491,1,0
1116,26,troy,auditory,67,11,5,2,G,1,A,0,0,-1
1116,26,troy,auditory,67,11,5,3,C,1,G,2.49376558603491,1,0
1116,26,troy,auditory,67,11,5,4,F,1,C,0,0,-1
1116,26,troy,auditory,67,11,5,5,C,1,F,0,0,-1
1116,26,troy,auditory,68,6,5,1,A,1,X,2.49376558603491,1,0
1116,26,troy,auditory,68,6,5,2,D,1,A,0,0,-1
1116,26,troy,auditory,68,6,5,3,C,1,D,4.98753117206983,2,1
1116,26,troy,auditory,68,6,5,4,F,1,C,3.35622061160015,1,0
1116,26,troy,auditory,68,6,5,5,C,1,F,0,0,-1
1116,26,troy,auditory,69,8,5,1,A,1,X,2.49376558603491,1,0
1116,26,troy,auditory,69,8,5,2,D,1,A,7.48129675810474,3,2
1116,26,troy,auditory,69,8,5,3,C,1,D,2.49376558603491,1,0
1116,26,troy,auditory,69,8,5,4,G,1,C,0,0,-1
1116,26,troy,auditory,69,8,5,5,F,1,G,0,0,-1
1116,26,troy,auditory,70,14,5,1,A,1,X,2.49376558603491,1,0
1116,26,troy,auditory,70,14,5,2,D,1,A,2.49376558603491,1,0
1116,26,troy,auditory,70,14,5,3,G,1,D,2.49376558603491,1,0
1116,26,troy,auditory,70,14,5,4,F,1,G,4.98753117206982,2,1
1116,26,troy,auditory,70,14,5,5,C,1,F,0,0,-1
1116,26,troy,auditory,71,15,5,1,A,1,X,0,0,0
1116,26,troy,auditory,71,15,5,2,C,1,A,0,0,0
1116,26,troy,auditory,71,15,5,3,F,1,C,0,0,0
1116,26,troy,auditory,71,15,5,4,C,1,F,9.97506234413965,4,4
1116,26,troy,auditory,71,15,5,5,F,1,C,2.49376558603491,1,1
1116,26,troy,auditory,72,12,5,1,A,1,X,7.48129675810474,3,0
1116,26,troy,auditory,72,12,5,2,F,1,A,4.98753117206983,2,-1
1116,26,troy,auditory,72,12,5,3,C,1,F,2.49376558603491,1,-2
1116,26,troy,auditory,72,12,5,4,G,1,C,0,0,-3
1116,26,troy,auditory,72,12,5,5,C,1,G,0,0,-3
1116,26,troy,auditory,73,2,5,1,A,1,X,0,0,0
1116,26,troy,auditory,73,2,5,2,D,1,A,0,0,0
1116,26,troy,auditory,73,2,5,3,C,1,D,4.98753117206982,2,2
1116,26,troy,auditory,73,2,5,4,F,1,C,0,0,0
1116,26,troy,auditory,73,2,5,5,C,1,F,0.292651321313319,1,1
1116,26,troy,auditory,74,9,5,1,A,1,X,0,0,0
1116,26,troy,auditory,74,9,5,2,G,1,A,4.98753117206983,2,2
1116,26,troy,auditory,74,9,5,3,F,1,G,2.49376558603491,1,1
1116,26,troy,auditory,74,9,5,4,C,1,F,0,0,0
1116,26,troy,auditory,74,9,5,5,D,1,C,0,0,0
1116,26,troy,auditory,75,10,5,1,A,1,X,4.98753117206983,2,0
1116,26,troy,auditory,75,10,5,2,C,1,A,3.12973170815767,1,-1
1116,26,troy,auditory,75,10,5,3,D,1,C,2.49376558603491,1,-1
1116,26,troy,auditory,75,10,5,4,F,1,D,4.98753117206982,2,0
1116,26,troy,auditory,75,10,5,5,C,1,F,0,0,-2
1116,26,troy,auditory,76,1,5,1,A,1,X,0,0,0
1116,26,troy,auditory,76,1,5,2,C,1,A,4.98753117206983,2,2
1116,26,troy,auditory,76,1,5,3,F,1,C,0,0,0
1116,26,troy,auditory,76,1,5,4,C,1,F,2.49376558603491,1,1
1116,26,troy,auditory,76,1,5,5,G,1,C,0,0,0
1116,26,troy,auditory,77,5,5,1,A,1,X,2.49376558603491,1,0
1116,26,troy,auditory,77,5,5,2,C,1,A,2.49376558603491,1,0
1116,26,troy,auditory,77,5,5,3,F,1,C,0,0,-1
1116,26,troy,auditory,77,5,5,4,C,1,F,0,0,-1
1116,26,troy,auditory,77,5,5,5,G,1,C,0,0,-1
1116,26,troy,auditory,78,4,5,1,A,1,X,0,0,0
1116,26,troy,auditory,78,4,5,2,D,1,A,0,0,0
1116,26,troy,auditory,78,4,5,3,C,1,D,0,0,0
1116,26,troy,auditory,78,4,5,4,G,1,C,0,0,0
1116,26,troy,auditory,78,4,5,5,F,1,G,17.4563591022444,7,7
1116,26,troy,auditory,79,13,5,1,A,1,X,2.49376558603491,1,0
1116,26,troy,auditory,79,13,5,2,D,1,A,0.292651321313319,1,0
1116,26,troy,auditory,79,13,5,3,F,1,D,0,0,-1
1116,26,troy,auditory,79,13,5,4,C,1,F,0,0,-1
1116,26,troy,auditory,79,13,5,5,G,1,C,2.49376558603491,1,0
1116,26,troy,auditory,80,7,5,1,A,1,X,0,0,0
1116,26,troy,auditory,80,7,5,2,C,1,A,2.49376558603491,1,1
1116,26,troy,auditory,80,7,5,3,G,1,C,0,0,0
1116,26,troy,auditory,80,7,5,4,F,1,G,0,0,0
1116,26,troy,auditory,80,7,5,5,C,1,F,0,0,0
1116,26,troy,auditory,81,1,6,1,A,1,X,0,0,0
1116,26,troy,auditory,81,1,6,2,C,1,A,0,0,0
1116,26,troy,auditory,81,1,6,3,F,1,C,0,0,0
1116,26,troy,auditory,81,1,6,4,C,1,F,0,0,0
1116,26,troy,auditory,81,1,6,5,G,1,C,0,0,0
1116,26,troy,auditory,82,6,6,1,A,1,X,0,0,0
1116,26,troy,auditory,82,6,6,2,D,1,A,2.49376558603491,1,1
1116,26,troy,auditory,82,6,6,3,C,1,D,1.69453336665934,0,0
1116,26,troy,auditory,82,6,6,4,F,1,C,0,0,0
1116,26,troy,auditory,82,6,6,5,C,1,F,0,0,0
1116,26,troy,auditory,83,10,6,1,A,1,X,2.49376558603491,1,0
1116,26,troy,auditory,83,10,6,2,C,1,A,0,0,-1
1116,26,troy,auditory,83,10,6,3,D,1,C,4.98753117206983,2,1
1116,26,troy,auditory,83,10,6,4,F,1,D,2.49376558603491,1,0
1116,26,troy,auditory,83,10,6,5,C,1,F,2.49376558603491,1,0
1116,26,troy,auditory,84,5,6,1,A,1,X,2.49376558603491,1,0
1116,26,troy,auditory,84,5,6,2,C,1,A,0,0,-1
1116,26,troy,auditory,84,5,6,3,F,1,C,14.9625935162095,6,5
1116,26,troy,auditory,84,5,6,4,C,1,F,2.49376558603491,1,0
1116,26,troy,auditory,84,5,6,5,G,1,C,2.49376558603491,1,0
1116,26,troy,auditory,85,12,6,1,A,0,X,2.49376558603491,1,0
1116,26,troy,auditory,85,12,6,2,F,0,A,0,0,-1
1116,26,troy,auditory,85,12,6,3,C,0,F,0,0,-1
1116,26,troy,auditory,85,12,6,4,G,0,C,0,0,-1
1116,26,troy,auditory,85,12,6,5,C,0,G,7.48129675810474,3,2
1116,26,troy,auditory,86,14,6,1,A,1,X,0,0,0
1116,26,troy,auditory,86,14,6,2,D,1,A,2.49376558603491,1,1
1116,26,troy,auditory,86,14,6,3,G,1,D,2.49376558603491,1,1
1116,26,troy,auditory,86,14,6,4,F,1,G,7.48129675810474,3,3
1116,26,troy,auditory,86,14,6,5,C,1,F,2.49376558603491,1,1
1116,26,troy,auditory,87,2,6,1,A,1,X,0,0,0
1116,26,troy,auditory,87,2,6,2,D,1,A,0,0,0
1116,26,troy,auditory,87,2,6,3,C,1,D,2.49376558603491,1,1
1116,26,troy,auditory,87,2,6,4,F,1,C,2.49376558603491,1,1
1116,26,troy,auditory,87,2,6,5,C,1,F,4.98753117206983,2,2
1116,26,troy,auditory,88,4,6,1,A,1,X,2.49376558603491,1,0
1116,26,troy,auditory,88,4,6,2,D,1,A,7.48129675810474,3,2
1116,26,troy,auditory,88,4,6,3,C,1,D,2.49376558603491,1,0
1116,26,troy,auditory,88,4,6,4,G,1,C,0,0,-1
1116,26,troy,auditory,88,4,6,5,F,1,G,0,0,-1
1116,26,troy,auditory,89,11,6,1,A,1,X,0,0,0
1116,26,troy,auditory,89,11,6,2,G,1,A,2.49376558603491,1,1
1116,26,troy,auditory,89,11,6,3,C,1,G,2.49376558603491,1,1
1116,26,troy,auditory,89,11,6,4,F,1,C,2.49376558603491,1,1
1116,26,troy,auditory,89,11,6,5,C,1,F,0,0,0
1116,26,troy,auditory,90,15,6,1,A,0,X,NaN,0,0
1116,26,troy,auditory,90,15,6,2,C,0,A,NaN,0,0
1116,26,troy,auditory,90,15,6,3,F,0,C,NaN,0,0
1116,26,troy,auditory,90,15,6,4,C,0,F,NaN,0,0
1116,26,troy,auditory,90,15,6,5,F,0,C,NaN,0,0
1116,26,troy,auditory,91,13,6,1,A,1,X,0,0,0
1116,26,troy,auditory,91,13,6,2,D,1,A,0,0,0
1116,26,troy,auditory,91,13,6,3,F,1,D,4.98753117206983,2,2
1116,26,troy,auditory,91,13,6,4,C,1,F,12.4688279301746,5,5
1116,26,troy,auditory,91,13,6,5,G,1,C,2.6533702965748,1,1
1116,26,troy,auditory,92,16,6,1,A,1,X,3.35622061160015,1,0
1116,26,troy,auditory,92,16,6,2,D,1,A,0,0,-1
1116,26,troy,auditory,92,16,6,3,C,1,D,0,0,-1
1116,26,troy,auditory,92,16,6,4,G,1,C,2.49376558603491,1,0
1116,26,troy,auditory,92,16,6,5,C,1,G,2.49376558603491,1,0
1116,26,troy,auditory,93,8,6,1,A,1,X,7.48129675810474,3,0
1116,26,troy,auditory,93,8,6,2,D,1,A,0,0,-3
1116,26,troy,auditory,93,8,6,3,C,1,D,2.78641690734823,2,-1
1116,26,troy,auditory,93,8,6,4,G,1,C,3.88309390686782,1,-2
1116,26,troy,auditory,93,8,6,5,F,1,G,0,0,-3
1116,26,troy,auditory,94,7,6,1,A,1,X,0,0,0
1116,26,troy,auditory,94,7,6,2,C,1,A,0,0,0
1116,26,troy,auditory,94,7,6,3,G,1,C,2.49376558603491,1,1
1116,26,troy,auditory,94,7,6,4,F,1,G,2.49376558603491,1,1
1116,26,troy,auditory,94,7,6,5,C,1,F,2.49376558603491,1,1
1116,26,troy,auditory,95,9,6,1,A,1,X,4.98753117206983,2,0
1116,26,troy,auditory,95,9,6,2,G,1,A,4.98753117206983,2,0
1116,26,troy,auditory,95,9,6,3,F,1,G,4.98753117206982,2,0
1116,26,troy,auditory,95,9,6,4,C,1,F,0,0,-2
1116,26,troy,auditory,95,9,6,5,D,1,C,0,0,-2
1116,26,troy,auditory,96,3,6,1,A,1,X,2.49376558603491,0,0
1116,26,troy,auditory,96,3,6,2,C,1,A,0,0,0
1116,26,troy,auditory,96,3,6,3,G,1,C,0,0,0
1116,26,troy,auditory,96,3,6,4,F,1,G,7.01566623365949,2,2
1116,26,troy,auditory,96,3,6,5,C,1,F,2.49376558603491,1,1
1116,26,troy,auditory,97,5,7,1,A,1,X,4.98753117206983,2,0
1116,26,troy,auditory,97,5,7,2,C,1,A,2.49376558603491,1,-1
1116,26,troy,auditory,97,5,7,3,F,1,C,4.98753117206982,2,0
1116,26,troy,auditory,97,5,7,4,C,1,F,0,0,-2
1116,26,troy,auditory,97,5,7,5,G,1,C,0,0,-2
1116,26,troy,auditory,98,16,7,1,A,1,X,0,0,0
1116,26,troy,auditory,98,16,7,2,D,1,A,2.49376558603491,1,1
1116,26,troy,auditory,98,16,7,3,C,1,D,2.49376558603491,1,1
1116,26,troy,auditory,98,16,7,4,G,1,C,0,0,0
1116,26,troy,auditory,98,16,7,5,C,1,G,0,0,0
1116,26,troy,auditory,99,12,7,1,A,1,X,2.49376558603491,1,0
1116,26,troy,auditory,99,12,7,2,F,1,A,3.24014585803096,1,0
1116,26,troy,auditory,99,12,7,3,C,1,F,0,0,-1
1116,26,troy,auditory,99,12,7,4,G,1,C,2.49376558603491,2,1
1116,26,troy,auditory,99,12,7,5,C,1,G,2.49376558603491,1,0
1116,26,troy,auditory,100,15,7,1,A,1,X,0,0,0
1116,26,troy,auditory,100,15,7,2,C,1,A,2.49376558603491,1,1
1116,26,troy,auditory,100,15,7,3,F,1,C,0,0,0
1116,26,troy,auditory,100,15,7,4,C,1,F,5.84998619763507,2,2
1116,26,troy,auditory,100,15,7,5,F,1,C,2.49376558603491,1,1
1116,26,troy,auditory,101,9,7,1,A,1,X,0,0,0
1116,26,troy,auditory,101,9,7,2,G,1,A,0,0,0
1116,26,troy,auditory,101,9,7,3,F,1,G,0,0,0
1116,26,troy,auditory,101,9,7,4,C,1,F,2.49376558603491,1,1
1116,26,troy,auditory,101,9,7,5,D,1,C,0,0,0
1116,26,troy,auditory,102,8,7,1,A,1,X,0,0,0
1116,26,troy,auditory,102,8,7,2,D,1,A,0,0,0
1116,26,troy,auditory,102,8,7,3,C,1,D,0,0,0
1116,26,troy,auditory,102,8,7,4,G,1,C,2.82976077668298,1,1
1116,26,troy,auditory,102,8,7,5,F,1,G,0,0,0
1116,26,troy,auditory,103,7,7,1,A,1,X,0,0,0
1116,26,troy,auditory,103,7,7,2,C,1,A,2.49376558603491,1,1
1116,26,troy,auditory,103,7,7,3,G,1,C,0,0,0
1116,26,troy,auditory,103,7,7,4,F,1,G,7.05026702383588,3,3
1116,26,troy,auditory,103,7,7,5,C,1,F,0,0,0
1116,26,troy,auditory,104,13,7,1,A,1,X,4.98753117206983,2,0
1116,26,troy,auditory,104,13,7,2,D,1,A,2.49376558603491,1,-1
1116,26,troy,auditory,104,13,7,3,F,1,D,2.49376558603491,1,-1
1116,26,troy,auditory,104,13,7,4,C,1,F,2.49376558603491,1,-1
1116,26,troy,auditory,104,13,7,5,G,1,C,2.49376558603491,1,-1
1116,26,troy,auditory,105,4,7,1,A,1,X,2.49376558603491,1,0
1116,26,troy,auditory,105,4,7,2,D,1,A,14.9625935162095,6,5
1116,26,troy,auditory,105,4,7,3,C,1,D,0,0,-1
1116,26,troy,auditory,105,4,7,4,G,1,C,2.49376558603491,1,0
1116,26,troy,auditory,105,4,7,5,F,1,G,0,0,-1
1116,26,troy,auditory,106,11,7,1,A,1,X,2.49376558603491,1,0
1116,26,troy,auditory,106,11,7,2,G,1,A,0,0,-1
1116,26,troy,auditory,106,11,7,3,C,1,G,0,0,-1
1116,26,troy,auditory,106,11,7,4,F,1,C,0,0,-1
1116,26,troy,auditory,106,11,7,5,C,1,F,0,0,-1
1116,26,troy,auditory,107,2,7,1,A,1,X,2.2481700560536,1,0
1116,26,troy,auditory,107,2,7,2,D,1,A,2.49376558603491,1,0
1116,26,troy,auditory,107,2,7,3,C,1,D,0,0,-1
1116,26,troy,auditory,107,2,7,4,F,1,C,4.98753117206983,2,1
1116,26,troy,auditory,107,2,7,5,C,1,F,4.98753117206983,2,1
1116,26,troy,auditory,108,3,7,1,A,1,X,0.292651321313319,1,0
1116,26,troy,auditory,108,3,7,2,C,1,A,1.38100840920253,1,0
1116,26,troy,auditory,108,3,7,3,G,1,C,0,0,-1
1116,26,troy,auditory,108,3,7,4,F,1,G,2.49376558603491,1,0
1116,26,troy,auditory,108,3,7,5,C,1,F,7.48129675810474,3,2
1116,26,troy,auditory,109,10,7,1,A,1,X,0,0,0
1116,26,troy,auditory,109,10,7,2,C,1,A,2.49376558603491,0,0
1116,26,troy,auditory,109,10,7,3,D,1,C,0,0,0
1116,26,troy,auditory,109,10,7,4,F,1,D,0,0,0
1116,26,troy,auditory,109,10,7,5,C,1,F,0,0,0
1116,26,troy,auditory,110,6,7,1,A,1,X,12.3334044596688,3,0
1116,26,troy,auditory,110,6,7,2,D,1,A,4.98753117206983,2,-1
1116,26,troy,auditory,110,6,7,3,C,1,D,10.4060920784085,4,1
1116,26,troy,auditory,110,6,7,4,F,1,C,6.23369577235013,3,0
1116,26,troy,auditory,110,6,7,5,C,1,F,0,0,-3
1116,26,troy,auditory,111,14,7,1,A,1,X,2.49376558603491,1,0
1116,26,troy,auditory,111,14,7,2,D,1,A,4.98753117206983,2,1
1116,26,troy,auditory,111,14,7,3,G,1,D,12.4688279301746,5,4
1116,26,troy,auditory,111,14,7,4,F,1,G,6.68206453872917,2,1
1116,26,troy,auditory,111,14,7,5,C,1,F,9.97506234413965,4,3
1116,26,troy,auditory,112,1,7,1,A,1,X,0,0,0
1116,26,troy,auditory,112,1,7,2,C,1,A,0,0,0
1116,26,troy,auditory,112,1,7,3,F,1,C,2.49376558603491,1,1
1116,26,troy,auditory,112,1,7,4,C,1,F,7.48129675810474,3,3
1116,26,troy,auditory,112,1,7,5,G,1,C,0,0,0
1116,26,troy,auditory,113,1,8,1,A,1,X,4.98753117206983,2,0
1116,26,troy,auditory,113,1,8,2,C,1,A,0,0,-2
1116,26,troy,auditory,113,1,8,3,F,1,C,0,0,-2
1116,26,troy,auditory,113,1,8,4,C,1,F,2.49376558603491,1,-1
1116,26,troy,auditory,113,1,8,5,G,1,C,2.49376558603491,1,-1
1116,26,troy,auditory,114,2,8,1,A,1,X,0,0,0
1116,26,troy,auditory,114,2,8,2,D,1,A,0,0,0
1116,26,troy,auditory,114,2,8,3,C,1,D,0,0,0
1116,26,troy,auditory,114,2,8,4,F,1,C,4.98753117206983,2,2
1116,26,troy,auditory,114,2,8,5,C,1,F,9.97506234413965,4,4
1116,26,troy,auditory,115,6,8,1,A,1,X,0,0,0
1116,26,troy,auditory,115,6,8,2,D,1,A,0,0,0
1116,26,troy,auditory,115,6,8,3,C,1,D,0,0,0
1116,26,troy,auditory,115,6,8,4,F,1,C,0,0,0
1116,26,troy,auditory,115,6,8,5,C,1,F,2.49376558603491,1,1
1116,26,troy,auditory,116,5,8,1,A,1,X,4.98753117206983,2,0
1116,26,troy,auditory,116,5,8,2,C,1,A,9.97506234413965,4,2
1116,26,troy,auditory,116,5,8,3,F,1,C,2.49376558603491,1,-1
1116,26,troy,auditory,116,5,8,4,C,1,F,3.12973170815767,1,-1
1116,26,troy,auditory,116,5,8,5,G,1,C,9.97506234413965,4,2
1116,26,troy,auditory,117,9,8,1,A,1,X,0,0,0
1116,26,troy,auditory,117,9,8,2,G,1,A,7.40348904604193,3,3
1116,26,troy,auditory,117,9,8,3,F,1,G,7.48129675810474,3,3
1116,26,troy,auditory,117,9,8,4,C,1,F,0,0,0
1116,26,troy,auditory,117,9,8,5,D,1,C,0,0,0
1116,26,troy,auditory,118,7,8,1,A,1,X,0,0,0
1116,26,troy,auditory,118,7,8,2,C,1,A,2.49376558603491,1,1
1116,26,troy,auditory,118,7,8,3,G,1,C,0,0,0
1116,26,troy,auditory,118,7,8,4,F,1,G,4.98753117206983,2,2
1116,26,troy,auditory,118,7,8,5,C,1,F,2.49376558603491,1,1
1116,26,troy,auditory,119,15,8,1,A,1,X,2.49376558603491,1,0
1116,26,troy,auditory,119,15,8,2,C,1,A,0,0,-1
1116,26,troy,auditory,119,15,8,3,F,1,C,2.49376558603491,1,0
1116,26,troy,auditory,119,15,8,4,C,1,F,0,0,-1
1116,26,troy,auditory,119,15,8,5,F,1,C,0,0,-1
1116,26,troy,auditory,120,16,8,1,A,1,X,12.4688279301746,5,0
1116,26,troy,auditory,120,16,8,2,D,1,A,4.98753117206982,2,-3
1116,26,troy,auditory,120,16,8,3,C,1,D,4.98753117206982,2,-3
1116,26,troy,auditory,120,16,8,4,G,1,C,0,0,-5
1116,26,troy,auditory,120,16,8,5,C,1,G,4.98753117206983,2,-3
1116,26,troy,auditory,121,14,8,1,A,1,X,0,0,0
1116,26,troy,auditory,121,14,8,2,D,1,A,2.49376558603491,1,1
1116,26,troy,auditory,121,14,8,3,G,1,D,2.49376558603491,1,1
1116,26,troy,auditory,121,14,8,4,F,1,G,0,0,0
1116,26,troy,auditory,121,14,8,5,C,1,F,0,0,0
1116,26,troy,auditory,122,12,8,1,A,1,X,2.49376558603491,1,0
1116,26,troy,auditory,122,12,8,2,F,1,A,0,0,-1
1116,26,troy,auditory,122,12,8,3,C,1,F,0,0,-1
1116,26,troy,auditory,122,12,8,4,G,1,C,0,0,-1
1116,26,troy,auditory,122,12,8,5,C,1,G,0,0,-1
1116,26,troy,auditory,123,8,8,1,A,1,X,0,0,0
1116,26,troy,auditory,123,8,8,2,D,1,A,2.49376558603491,1,1
1116,26,troy,auditory,123,8,8,3,C,1,D,0,0,0
1116,26,troy,auditory,123,8,8,4,G,1,C,7.48129675810474,3,3
1116,26,troy,auditory,123,8,8,5,F,1,G,2.57157329809772,1,1
1116,26,troy,auditory,124,11,8,1,A,1,X,0,0,0
1116,26,troy,auditory,124,11,8,2,G,1,A,2.49376558603491,1,1
1116,26,troy,auditory,124,11,8,3,C,1,G,2.36659041828994,0,0
1116,26,troy,auditory,124,11,8,4,F,1,C,2.49376558603491,1,1
1116,26,troy,auditory,124,11,8,5,C,1,F,2.49376558603491,1,1
1116,26,troy,auditory,125,10,8,1,A,1,X,0,0,0
1116,26,troy,auditory,125,10,8,2,C,1,A,0,0,0
1116,26,troy,auditory,125,10,8,3,D,1,C,9.97506234413965,4,4
1116,26,troy,auditory,125,10,8,4,F,1,D,4.98753117206983,2,2
1116,26,troy,auditory,125,10,8,5,C,1,F,7.48129675810474,3,3
1116,26,troy,auditory,126,13,8,1,A,1,X,7.48129675810474,3,0
1116,26,troy,auditory,126,13,8,2,D,1,A,4.98753117206983,2,-1
1116,26,troy,auditory,126,13,8,3,F,1,D,4.98753117206983,2,-1
1116,26,troy,auditory,126,13,8,4,C,1,F,0,0,-3
1116,26,troy,auditory,126,13,8,5,G,1,C,0,0,-3
1116,26,troy,auditory,127,3,8,1,A,1,X,0.530936783815944,0,0
1116,26,troy,auditory,127,3,8,2,C,1,A,0,0,0
1116,26,troy,auditory,127,3,8,3,G,1,C,1.63131056046967,1,1
1116,26,troy,auditory,127,3,8,4,F,1,G,2.49376558603491,1,1
1116,26,troy,auditory,127,3,8,5,C,1,F,0,0,0
1116,26,troy,auditory,128,4,8,1,A,1,X,4.55650143780097,2,0
1116,26,troy,auditory,128,4,8,2,D,1,A,6.6188417325395,3,1
1116,26,troy,auditory,128,4,8,3,C,1,D,0,0,-2
1116,26,troy,auditory,128,4,8,4,G,1,C,0,0,-2
1116,26,troy,auditory,128,4,8,5,F,1,G,2.49376558603491,1,-1
1116,26,troy,auditory,129,3,9,1,A,1,X,2.49376558603491,1,0
1116,26,troy,auditory,129,3,9,2,C,1,A,2.49376558603491,1,0
1116,26,troy,auditory,129,3,9,3,G,1,C,0,0,-1
1116,26,troy,auditory,129,3,9,4,F,1,G,0,0,-1
1116,26,troy,auditory,129,3,9,5,C,1,F,0,0,-1
1116,26,troy,auditory,130,11,9,1,A,1,X,0,0,0
1116,26,troy,auditory,130,11,9,2,G,1,A,0,0,0
1116,26,troy,auditory,130,11,9,3,C,1,G,0,0,0
1116,26,troy,auditory,130,11,9,4,F,1,C,0,0,0
1116,26,troy,auditory,130,11,9,5,C,1,F,0,0,0
1116,26,troy,auditory,131,10,9,1,A,1,X,0,0,0
1116,26,troy,auditory,131,10,9,2,C,1,A,0,0,0
1116,26,troy,auditory,131,10,9,3,D,1,C,0,0,0
1116,26,troy,auditory,131,10,9,4,F,1,D,2.49376558603491,1,1
1116,26,troy,auditory,131,10,9,5,C,1,F,0,0,0
1116,26,troy,auditory,132,7,9,1,A,1,X,0,0,0
1116,26,troy,auditory,132,7,9,2,C,1,A,4.98753117206982,2,2
1116,26,troy,auditory,132,7,9,3,G,1,C,0,0,0
1116,26,troy,auditory,132,7,9,4,F,1,G,0,0,0
1116,26,troy,auditory,132,7,9,5,C,1,F,0,0,0
1116,26,troy,auditory,133,13,9,1,A,1,X,0,0,0
1116,26,troy,auditory,133,13,9,2,D,1,A,2.49376558603491,1,1
1116,26,troy,auditory,133,13,9,3,F,1,D,2.49376558603491,1,1
1116,26,troy,auditory,133,13,9,4,C,1,F,0,0,0
1116,26,troy,auditory,133,13,9,5,G,1,C,2.49376558603491,1,1
1116,26,troy,auditory,134,6,9,1,A,1,X,7.48129675810474,3,0
1116,26,troy,auditory,134,6,9,2,D,1,A,2.49376558603491,1,-2
1116,26,troy,auditory,134,6,9,3,C,1,D,0,0,-3
1116,26,troy,auditory,134,6,9,4,F,1,C,0,0,-3
1116,26,troy,auditory,134,6,9,5,C,1,F,0,0,-3
1116,26,troy,auditory,135,1,9,1,A,1,X,0,0,0
1116,26,troy,auditory,135,1,9,2,C,1,A,2.49376558603491,1,1
1116,26,troy,auditory,135,1,9,3,F,1,C,0,0,0
1116,26,troy,auditory,135,1,9,4,C,1,F,4.98753117206983,2,2
1116,26,troy,auditory,135,1,9,5,G,1,C,0.46563052444525,1,1
1116,26,troy,auditory,136,4,9,1,A,1,X,4.98753117206983,2,0
1116,26,troy,auditory,136,4,9,2,D,1,A,4.98753117206983,2,0
1116,26,troy,auditory,136,4,9,3,C,1,D,2.49376558603491,1,-1
1116,26,troy,auditory,136,4,9,4,G,1,C,7.48129675810474,3,1
1116,26,troy,auditory,136,4,9,5,F,1,G,2.49376558603491,1,-1
1116,26,troy,auditory,137,15,9,1,A,1,X,0,0,0
1116,26,troy,auditory,137,15,9,2,C,1,A,2.49376558603491,1,1
1116,26,troy,auditory,137,15,9,3,F,1,C,2.49376558603491,1,1
1116,26,troy,auditory,137,15,9,4,C,1,F,0,0,0
1116,26,troy,auditory,137,15,9,5,F,1,C,9.97506234413965,4,4
1116,26,troy,auditory,138,5,9,1,A,1,X,2.49376558603491,1,0
1116,26,troy,auditory,138,5,9,2,C,1,A,2.49376558603491,1,0
1116,26,troy,auditory,138,5,9,3,F,1,C,3.24014585803096,1,0
1116,26,troy,auditory,138,5,9,4,C,1,F,0,0,-1
1116,26,troy,auditory,138,5,9,5,G,1,C,0,0,-1
1116,26,troy,auditory,139,12,9,1,A,1,X,0,0,0
1116,26,troy,auditory,139,12,9,2,F,1,A,2.49376558603491,1,1
1116,26,troy,auditory,139,12,9,3,C,1,F,0,0,0
1116,26,troy,auditory,139,12,9,4,G,1,C,0,0,0
1116,26,troy,auditory,139,12,9,5,C,1,G,0,0,0
1116,26,troy,auditory,140,16,9,1,A,1,X,2.49376558603491,1,0
1116,26,troy,auditory,140,16,9,2,D,1,A,0,0,-1
1116,26,troy,auditory,140,16,9,3,C,1,D,0,0,-1
1116,26,troy,auditory,140,16,9,4,G,1,C,0,0,-1
1116,26,troy,auditory,140,16,9,5,C,1,G,0,0,-1
1116,26,troy,auditory,141,9,9,1,A,1,X,0,0,0
1116,26,troy,auditory,141,9,9,2,G,1,A,0,0,0
1116,26,troy,auditory,141,9,9,3,F,1,G,0,0,0
1116,26,troy,auditory,141,9,9,4,C,1,F,2.49376558603491,1,1
1116,26,troy,auditory,141,9,9,5,D,1,C,0,0,0
1116,26,troy,auditory,142,8,9,1,A,1,X,0,0,0
1116,26,troy,auditory,142,8,9,2,D,1,A,2.49376558603491,1,1
1116,26,troy,auditory,142,8,9,3,C,1,D,2.49376558603491,1,1
1116,26,troy,auditory,142,8,9,4,G,1,C,0,0,0
1116,26,troy,auditory,142,8,9,5,F,1,G,0,0,0
1116,26,troy,auditory,143,14,9,1,A,1,X,0,0,0
1116,26,troy,auditory,143,14,9,2,D,1,A,2.49376558603491,1,1
1116,26,troy,auditory,143,14,9,3,G,1,D,0,0,0
1116,26,troy,auditory,143,14,9,4,F,1,G,2.49376558603491,1,1
1116,26,troy,auditory,143,14,9,5,C,1,F,0,0,0
1116,26,troy,auditory,144,2,9,1,A,1,X,0,0,0
1116,26,troy,auditory,144,2,9,2,D,1,A,0,0,0
1116,26,troy,auditory,144,2,9,3,C,1,D,2.49376558603491,1,1
1116,26,troy,auditory,144,2,9,4,F,1,C,2.49376558603491,1,1
1116,26,troy,auditory,144,2,9,5,C,1,F,0,0,0
1116,26,troy,auditory,145,12,10,1,A,1,X,4.98753117206982,2,0
1116,26,troy,auditory,145,12,10,2,F,1,A,2.49376558603491,1,-1
1116,26,troy,auditory,145,12,10,3,C,1,F,3.24014585803096,1,-1
1116,26,troy,auditory,145,12,10,4,G,1,C,7.55910447016755,3,1
1116,26,troy,auditory,145,12,10,5,C,1,G,12.4688279301746,5,3
1116,26,troy,auditory,146,15,10,1,A,1,X,0,0,0
1116,26,troy,auditory,146,15,10,2,C,1,A,0,0,0
1116,26,troy,auditory,146,15,10,3,F,1,C,3.99555537009246,2,2
1116,26,troy,auditory,146,15,10,4,C,1,F,0,0,0
1116,26,troy,auditory,146,15,10,5,F,1,C,2.49376558603491,1,1
1116,26,troy,auditory,147,1,10,1,A,1,X,12.4688279301746,5,0
1116,26,troy,auditory,147,1,10,2,C,1,A,7.48129675810474,3,-2
1116,26,troy,auditory,147,1,10,3,F,1,C,3.60652276286729,1,-4
1116,26,troy,auditory,147,1,10,4,C,1,F,0,0,-5
1116,26,troy,auditory,147,1,10,5,G,1,C,0,0,-5
1116,26,troy,auditory,148,3,10,1,A,1,X,2.49376558603491,1,0
1116,26,troy,auditory,148,3,10,2,C,1,A,0,0,-1
1116,26,troy,auditory,148,3,10,3,G,1,C,2.49376558603491,2,1
1116,26,troy,auditory,148,3,10,4,F,1,G,2.49376558603491,1,0
1116,26,troy,auditory,148,3,10,5,C,1,F,0,0,-1
1116,26,troy,auditory,149,6,10,1,A,1,X,4.98753117206983,2,0
1116,26,troy,auditory,149,6,10,2,D,1,A,0,0,-2
1116,26,troy,auditory,149,6,10,3,C,1,D,4.98753117206983,2,0
1116,26,troy,auditory,149,6,10,4,F,1,C,0,0,-2
1116,26,troy,auditory,149,6,10,5,C,1,F,0,0,-2
1116,26,troy,auditory,150,16,10,1,A,1,X,4.98753117206983,2,0
1116,26,troy,auditory,150,16,10,2,D,1,A,1.11275717683238,0,-2
1116,26,troy,auditory,150,16,10,3,C,1,D,2.49376558603491,1,-1
1116,26,troy,auditory,150,16,10,4,G,1,C,0,0,-2
1116,26,troy,auditory,150,16,10,5,C,1,G,0,0,-2
1116,26,troy,auditory,151,8,10,1,A,1,X,0,0,0
1116,26,troy,auditory,151,8,10,2,D,1,A,4.98753117206983,2,2
1116,26,troy,auditory,151,8,10,3,C,1,D,0.0778077120628084,0,0
1116,26,troy,auditory,151,8,10,4,G,1,C,0,0,0
1116,26,troy,auditory,151,8,10,5,F,1,G,0,0,0
1116,26,troy,auditory,152,10,10,1,A,1,X,0,0,0
1116,26,troy,auditory,152,10,10,2,C,1,A,0,0,0
1116,26,troy,auditory,152,10,10,3,D,1,C,2.49376558603491,1,1
1116,26,troy,auditory,152,10,10,4,F,1,D,0,0,0
1116,26,troy,auditory,152,10,10,5,C,1,F,0,0,0
1116,26,troy,auditory,153,5,10,1,A,1,X,0.799232219375569,1,0
1116,26,troy,auditory,153,5,10,2,C,1,A,9.97506234413965,3,2
1116,26,troy,auditory,153,5,10,3,F,1,C,2.49376558603491,1,0
1116,26,troy,auditory,153,5,10,4,C,1,F,2.49376558603491,1,0
1116,26,troy,auditory,153,5,10,5,G,1,C,0,0,-1
1116,26,troy,auditory,154,4,10,1,A,1,X,2.49376558603491,1,0
1116,26,troy,auditory,154,4,10,2,D,1,A,12.8998576644434,5,4
1116,26,troy,auditory,154,4,10,3,C,1,D,1.27731705581199,0,-1
1116,26,troy,auditory,154,4,10,4,G,1,C,2.49376558603491,1,0
1116,26,troy,auditory,154,4,10,5,F,1,G,0,0,-1
1116,26,troy,auditory,155,11,10,1,A,1,X,2.49376558603491,1,0
1116,26,troy,auditory,155,11,10,2,G,1,A,2.49376558603491,1,0
1116,26,troy,auditory,155,11,10,3,C,1,G,2.49376558603491,1,0
1116,26,troy,auditory,155,11,10,4,F,1,C,4.98753117206983,2,1
1116,26,troy,auditory,155,11,10,5,C,1,F,2.49376558603491,1,0
1116,26,troy,auditory,156,9,10,1,A,1,X,0,0,0
1116,26,troy,auditory,156,9,10,2,G,1,A,0,0,0
1116,26,troy,auditory,156,9,10,3,F,1,G,0,0,0
1116,26,troy,auditory,156,9,10,4,C,1,F,0,0,0
1116,26,troy,auditory,156,9,10,5,D,1,C,2.49376558603491,1,1
1116,26,troy,auditory,157,2,10,1,A,1,X,0,0,0
1116,26,troy,auditory,157,2,10,2,D,1,A,5.1147063398148,3,3
1116,26,troy,auditory,157,2,10,3,C,1,D,0,0,0
1116,26,troy,auditory,157,2,10,4,F,1,C,0,0,0
1116,26,troy,auditory,157,2,10,5,C,1,F,0,0,0
1116,26,troy,auditory,158,13,10,1,A,1,X,0,0,0
1116,26,troy,auditory,158,13,10,2,D,1,A,2.49376558603491,1,1
1116,26,troy,auditory,158,13,10,3,F,1,D,7.48129675810474,3,3
1116,26,troy,auditory,158,13,10,4,C,1,F,0,0,0
1116,26,troy,auditory,158,13,10,5,G,1,C,0,0,0
1116,26,troy,auditory,159,7,10,1,A,1,X,0,0,0
1116,26,troy,auditory,159,7,10,2,C,1,A,12.4688279301746,5,5
1116,26,troy,auditory,159,7,10,3,G,1,C,2.49376558603491,1,1
1116,26,troy,auditory,159,7,10,4,F,1,G,0,0,0
1116,26,troy,auditory,159,7,10,5,C,1,F,2.49376558603491,1,1
1116,26,troy,auditory,160,14,10,1,A,1,X,0,0,0
1116,26,troy,auditory,160,14,10,2,D,1,A,2.49376558603491,1,1
1116,26,troy,auditory,160,14,10,3,G,1,D,7.48129675810474,3,3
1116,26,troy,auditory,160,14,10,4,F,1,G,0,0,0
1116,26,troy,auditory,160,14,10,5,C,1,F,2.49376558603491,1,1
