neuron_i,session_i,monkey,area,trial,seq_idx,seq_rep_n,seq_pos,elem_id,rwd_trial,prev_elem,average_win_fr,average_win_spkCount,average_win_delta_spkCount
1286,29,troy,auditory,1,10,1,1,A,0,X,0,0,0
1286,29,troy,auditory,1,10,1,2,C,0,A,2.49376558603491,1,1
1286,29,troy,auditory,1,10,1,3,D,0,C,0,0,0
1286,29,troy,auditory,1,10,1,4,F,0,D,4.98753117206982,2,2
1286,29,troy,auditory,1,10,1,5,C,0,F,2.49376558603491,1,1
1286,29,troy,auditory,2,4,1,1,A,1,X,0,0,0
1286,29,troy,auditory,2,4,1,2,D,1,A,0,0,0
1286,29,troy,auditory,2,4,1,3,C,1,D,0,0,0
1286,29,troy,auditory,2,4,1,4,G,1,C,0,0,0
1286,29,troy,auditory,2,4,1,5,F,1,G,2.49376558603491,1,1
1286,29,troy,auditory,3,15,1,1,A,1,X,0,0,0
1286,29,troy,auditory,3,15,1,2,C,1,A,0,0,0
1286,29,troy,auditory,3,15,1,3,F,1,C,0,0,0
1286,29,troy,auditory,3,15,1,4,C,1,F,0,0,0
1286,29,troy,auditory,3,15,1,5,F,1,C,0,0,0
1286,29,troy,auditory,4,13,1,1,A,1,X,0,0,0
1286,29,troy,auditory,4,13,1,2,D,1,A,7.48129675810474,3,3
1286,29,troy,auditory,4,13,1,3,F,1,D,0,0,0
1286,29,troy,auditory,4,13,1,4,C,1,F,2.49376558603491,1,1
1286,29,troy,auditory,4,13,1,5,G,1,C,0,0,0
1286,29,troy,auditory,5,7,1,1,A,1,X,0,0,0
1286,29,troy,auditory,5,7,1,2,C,1,A,0,0,0
1286,29,troy,auditory,5,7,1,3,G,1,C,0,0,0
1286,29,troy,auditory,5,7,1,4,F,1,G,2.49376558603491,1,1
1286,29,troy,auditory,5,7,1,5,C,1,F,0,0,0
1286,29,troy,auditory,6,9,1,1,A,1,X,0,0,0
1286,29,troy,auditory,6,9,1,2,G,1,A,0,0,0
1286,29,troy,auditory,6,9,1,3,F,1,G,0,0,0
1286,29,troy,auditory,6,9,1,4,C,1,F,2.49376558603491,1,1
1286,29,troy,auditory,6,9,1,5,D,1,C,0,0,0
1286,29,troy,auditory,7,16,1,1,A,1,X,0,0,0
1286,29,troy,auditory,7,16,1,2,D,1,A,0,0,0
1286,29,troy,auditory,7,16,1,3,C,1,D,0,0,0
1286,29,troy,auditory,7,16,1,4,G,1,C,2.49376558603491,1,1
1286,29,troy,auditory,7,16,1,5,C,1,G,0,0,0
1286,29,troy,auditory,8,11,1,1,A,1,X,0,0,0
1286,29,troy,auditory,8,11,1,2,G,1,A,0,0,0
1286,29,troy,auditory,8,11,1,3,C,1,G,4.98753117206983,2,2
1286,29,troy,auditory,8,11,1,4,F,1,C,0,0,0
1286,29,troy,auditory,8,11,1,5,C,1,F,2.49376558603491,1,1
1286,29,troy,auditory,9,12,1,1,A,1,X,4.98753117206983,2,0
1286,29,troy,auditory,9,12,1,2,F,1,A,2.49376558603491,1,-1
1286,29,troy,auditory,9,12,1,3,C,1,F,0,0,-2
1286,29,troy,auditory,9,12,1,4,G,1,C,0,0,-2
1286,29,troy,auditory,9,12,1,5,C,1,G,0,0,-2
1286,29,troy,auditory,10,8,1,1,A,1,X,0,0,0
1286,29,troy,auditory,10,8,1,2,D,1,A,0,0,0
1286,29,troy,auditory,10,8,1,3,C,1,D,0,0,0
1286,29,troy,auditory,10,8,1,4,G,1,C,0,0,0
1286,29,troy,auditory,10,8,1,5,F,1,G,2.49376558603491,1,1
1286,29,troy,auditory,11,6,1,1,A,1,X,2.49376558603491,1,0
1286,29,troy,auditory,11,6,1,2,D,1,A,2.49376558603491,1,0
1286,29,troy,auditory,11,6,1,3,C,1,D,4.98753117206982,2,1
1286,29,troy,auditory,11,6,1,4,F,1,C,0,0,-1
1286,29,troy,auditory,11,6,1,5,C,1,F,0,0,-1
1286,29,troy,auditory,12,14,1,1,A,1,X,2.49376558603491,1,0
1286,29,troy,auditory,12,14,1,2,D,1,A,2.49376558603491,1,0
1286,29,troy,auditory,12,14,1,3,G,1,D,2.49376558603491,1,0
1286,29,troy,auditory,12,14,1,4,F,1,G,0,0,-1
1286,29,troy,auditory,12,14,1,5,C,1,F,0,0,-1
1286,29,troy,auditory,13,1,1,1,A,1,X,0.431029734268861,0,0
1286,29,troy,auditory,13,1,1,2,C,1,A,0,0,0
1286,29,troy,auditory,13,1,1,3,F,1,C,0,0,0
1286,29,troy,auditory,13,1,1,4,C,1,F,2.49376558603491,1,1
1286,29,troy,auditory,13,1,1,5,G,1,C,0,0,0
1286,29,troy,auditory,14,3,1,1,A,1,X,0,0,0
1286,29,troy,auditory,14,3,1,2,C,1,A,2.49376558603491,1,1
1286,29,troy,auditory,14,3,1,3,G,1,C,2.49376558603491,1,1
1286,29,troy,auditory,14,3,1,4,F,1,G,2.49376558603491,1,1
1286,29,troy,auditory,14,3,1,5,C,1,F,0,0,0
1286,29,troy,auditory,15,2,1,1,A,1,X,0,0,0
1286,29,troy,auditory,15,2,1,2,D,1,A,0,0,0
1286,29,troy,auditory,15,2,1,3,C,1,D,0,0,0
1286,29,troy,auditory,15,2,1,4,F,1,C,0,0,0
1286,29,troy,auditory,15,2,1,5,C,1,F,0,0,0
1286,29,troy,auditory,16,5,1,1,A,1,X,0,0,0
1286,29,troy,auditory,16,5,1,2,C,1,A,0,0,0
1286,29,troy,auditory,16,5,1,3,F,1,C,0,0,0
1286,29,troy,auditory,16,5,1,4,C,1,F,7.48129675810474,3,3
1286,29,troy,auditory,16,5,1,5,G,1,C,0,0,0
1286,29,troy,auditory,17,8,2,1,A,0,X,NaN,0,0
1286,29,troy,auditory,17,8,2,2,D,0,A,NaN,0,0
1286,29,troy,auditory,17,8,2,3,C,0,D,NaN,0,0
1286,29,troy,auditory,17,8,2,4,G,0,C,NaN,0,0
1286,29,troy,auditory,17,8,2,5,F,0,G,NaN,0,0
1286,29,troy,auditory,18,11,2,1,A,1,X,0,0,0
1286,29,troy,auditory,18,11,2,2,G,1,A,0,0,0
1286,29,troy,auditory,18,11,2,3,C,1,G,2.49376558603491,1,1
1286,29,troy,auditory,18,11,2,4,F,1,C,0,0,0
1286,29,troy,auditory,18,11,2,5,C,1,F,0,0,0
1286,29,troy,auditory,19,3,2,1,A,1,X,4.55650143780096,2,0
1286,29,troy,auditory,19,3,2,2,C,1,A,0,0,-2
1286,29,troy,auditory,19,3,2,3,G,1,C,0,0,-2
1286,29,troy,auditory,19,3,2,4,F,1,G,0,0,-2
1286,29,troy,auditory,19,3,2,5,C,1,F,0,0,-2
1286,29,troy,auditory,20,14,2,1,A,1,X,2.49376558603491,1,0
1286,29,troy,auditory,20,14,2,2,D,1,A,0,0,-1
1286,29,troy,auditory,20,14,2,3,G,1,D,0,0,-1
1286,29,troy,auditory,20,14,2,4,F,1,G,2.49376558603491,1,0
1286,29,troy,auditory,20,14,2,5,C,1,F,0,0,-1
1286,29,troy,auditory,21,13,2,1,A,1,X,0,0,0
1286,29,troy,auditory,21,13,2,2,D,1,A,4.98753117206983,2,2
1286,29,troy,auditory,21,13,2,3,F,1,D,4.98753117206983,2,2
1286,29,troy,auditory,21,13,2,4,C,1,F,0,0,0
1286,29,troy,auditory,21,13,2,5,G,1,C,0,0,0
1286,29,troy,auditory,22,1,2,1,A,1,X,2.49376558603491,1,0
1286,29,troy,auditory,22,1,2,2,C,1,A,0,0,-1
1286,29,troy,auditory,22,1,2,3,F,1,C,2.49376558603491,1,0
1286,29,troy,auditory,22,1,2,4,C,1,F,1.10443726520201,1,0
1286,29,troy,auditory,22,1,2,5,G,1,C,0,0,-1
1286,29,troy,auditory,23,4,2,1,A,1,X,2.49376558603491,1,0
1286,29,troy,auditory,23,4,2,2,D,1,A,4.98753117206983,2,1
1286,29,troy,auditory,23,4,2,3,C,1,D,0,0,-1
1286,29,troy,auditory,23,4,2,4,G,1,C,0,0,-1
1286,29,troy,auditory,23,4,2,5,F,1,G,0,0,-1
1286,29,troy,auditory,24,5,2,1,A,1,X,2.49376558603491,1,0
1286,29,troy,auditory,24,5,2,2,C,1,A,0,0,-1
1286,29,troy,auditory,24,5,2,3,F,1,C,0,0,-1
1286,29,troy,auditory,24,5,2,4,C,1,F,0,0,-1
1286,29,troy,auditory,24,5,2,5,G,1,C,0,0,-1
1286,29,troy,auditory,25,16,2,1,A,1,X,0,0,0
1286,29,troy,auditory,25,16,2,2,D,1,A,2.49376558603491,1,1
1286,29,troy,auditory,25,16,2,3,C,1,D,0,0,0
1286,29,troy,auditory,25,16,2,4,G,1,C,2.49376558603491,1,1
1286,29,troy,auditory,25,16,2,5,C,1,G,4.98753117206983,2,2
1286,29,troy,auditory,26,6,2,1,A,1,X,3.87477399523744,2,0
1286,29,troy,auditory,26,6,2,2,D,1,A,0,0,-2
1286,29,troy,auditory,26,6,2,3,C,1,D,0,0,-2
1286,29,troy,auditory,26,6,2,4,F,1,C,2.49376558603491,1,-1
1286,29,troy,auditory,26,6,2,5,C,1,F,2.49376558603491,1,-1
1286,29,troy,auditory,27,12,2,1,A,1,X,0,0,0
1286,29,troy,auditory,27,12,2,2,F,1,A,0,0,0
1286,29,troy,auditory,27,12,2,3,C,1,F,4.98753117206983,2,2
1286,29,troy,auditory,27,12,2,4,G,1,C,0,0,0
1286,29,troy,auditory,27,12,2,5,C,1,G,0,0,0
1286,29,troy,auditory,28,9,2,1,A,1,X,2.49376558603491,1,0
1286,29,troy,auditory,28,9,2,2,G,1,A,2.49376558603491,1,0
1286,29,troy,auditory,28,9,2,3,F,1,G,2.49376558603491,1,0
1286,29,troy,auditory,28,9,2,4,C,1,F,2.49376558603491,1,0
1286,29,troy,auditory,28,9,2,5,D,1,C,2.49376558603491,1,0
1286,29,troy,auditory,29,10,2,1,A,1,X,4.98753117206983,2,0
1286,29,troy,auditory,29,10,2,2,C,1,A,0,0,-2
1286,29,troy,auditory,29,10,2,3,D,1,C,2.49376558603491,1,-1
1286,29,troy,auditory,29,10,2,4,F,1,D,0,0,-2
1286,29,troy,auditory,29,10,2,5,C,1,F,0,0,-2
1286,29,troy,auditory,30,15,2,1,A,1,X,2.49376558603491,1,0
1286,29,troy,auditory,30,15,2,2,C,1,A,4.98753117206982,2,1
1286,29,troy,auditory,30,15,2,3,F,1,C,2.49376558603491,1,0
1286,29,troy,auditory,30,15,2,4,C,1,F,1.63131056046967,1,0
1286,29,troy,auditory,30,15,2,5,F,1,C,4.98753117206983,2,1
1286,29,troy,auditory,31,7,2,1,A,1,X,0,0,0
1286,29,troy,auditory,31,7,2,2,C,1,A,1.24616460028031,1,1
1286,29,troy,auditory,31,7,2,3,G,1,C,0,0,0
1286,29,troy,auditory,31,7,2,4,F,1,G,2.49376558603491,1,1
1286,29,troy,auditory,31,7,2,5,C,1,F,4.98753117206982,2,2
1286,29,troy,auditory,32,2,2,1,A,1,X,0,0,0
1286,29,troy,auditory,32,2,2,2,D,1,A,4.65153598142176,2,2
1286,29,troy,auditory,32,2,2,3,C,1,D,0,0,0
1286,29,troy,auditory,32,2,2,4,F,1,C,0,0,0
1286,29,troy,auditory,32,2,2,5,C,1,F,1.53823626001007,0,0
1286,29,troy,auditory,33,8,3,1,A,1,X,0,0,0
1286,29,troy,auditory,33,8,3,2,D,1,A,0,0,0
1286,29,troy,auditory,33,8,3,3,C,1,D,0,0,0
1286,29,troy,auditory,33,8,3,4,G,1,C,2.49376558603491,1,1
1286,29,troy,auditory,33,8,3,5,F,1,G,0,0,0
1286,29,troy,auditory,34,6,3,1,A,1,X,4.98753117206983,2,0
1286,29,troy,auditory,34,6,3,2,D,1,A,0,0,-2
1286,29,troy,auditory,34,6,3,3,C,1,D,2.49376558603491,1,-1
1286,29,troy,auditory,34,6,3,4,F,1,C,4.98753117206983,2,0
1286,29,troy,auditory,34,6,3,5,C,1,F,0,0,-2
1286,29,troy,auditory,35,16,3,1,A,1,X,0,0,0
1286,29,troy,auditory,35,16,3,2,D,1,A,0,0,0
1286,29,troy,auditory,35,16,3,3,C,1,D,0,0,0
1286,29,troy,auditory,35,16,3,4,G,1,C,2.49376558603491,1,1
1286,29,troy,auditory,35,16,3,5,C,1,G,2.49376558603491,1,1
1286,29,troy,auditory,36,2,3,1,A,1,X,4.98753117206983,2,0
1286,29,troy,auditory,36,2,3,2,D,1,A,0,0,-2
1286,29,troy,auditory,36,2,3,3,C,1,D,4.98753117206983,2,0
1286,29,troy,auditory,36,2,3,4,F,1,C,0,0,-2
1286,29,troy,auditory,36,2,3,5,C,1,F,0,0,-2
1286,29,troy,auditory,37,15,3,1,A,1,X,0,0,0
1286,29,troy,auditory,37,15,3,2,C,1,A,0,0,0
1286,29,troy,auditory,37,15,3,3,F,1,C,0,0,0
1286,29,troy,auditory,37,15,3,4,C,1,F,4.98753117206983,2,2
1286,29,troy,auditory,37,15,3,5,F,1,C,0,0,0
1286,29,troy,auditory,38,9,3,1,A,1,X,2.49376558603491,1,0
1286,29,troy,auditory,38,9,3,2,G,1,A,0,0,-1
1286,29,troy,auditory,38,9,3,3,F,1,G,0,0,-1
1286,29,troy,auditory,38,9,3,4,C,1,F,0,0,-1
1286,29,troy,auditory,38,9,3,5,D,1,C,0,0,-1
1286,29,troy,auditory,39,11,3,1,A,1,X,1.38100840920253,1,0
1286,29,troy,auditory,39,11,3,2,G,1,A,0,0,-1
1286,29,troy,auditory,39,11,3,3,C,1,G,0,0,-1
1286,29,troy,auditory,39,11,3,4,F,1,C,0,0,-1
1286,29,troy,auditory,39,11,3,5,C,1,F,0,0,-1
1286,29,troy,auditory,40,14,3,1,A,1,X,0,0,0
1286,29,troy,auditory,40,14,3,2,D,1,A,2.49376558603491,1,1
1286,29,troy,auditory,40,14,3,3,G,1,D,0,0,0
1286,29,troy,auditory,40,14,3,4,F,1,G,2.49376558603491,1,1
1286,29,troy,auditory,40,14,3,5,C,1,F,0,0,0
1286,29,troy,auditory,41,1,3,1,A,1,X,0,0,0
1286,29,troy,auditory,41,1,3,2,C,1,A,2.49376558603491,1,1
1286,29,troy,auditory,41,1,3,3,F,1,C,2.49376558603491,1,1
1286,29,troy,auditory,41,1,3,4,C,1,F,0,0,0
1286,29,troy,auditory,41,1,3,5,G,1,C,2.49376558603491,1,1
1286,29,troy,auditory,42,4,3,1,A,1,X,0,0,0
1286,29,troy,auditory,42,4,3,2,D,1,A,4.98753117206983,2,2
1286,29,troy,auditory,42,4,3,3,C,1,D,0,0,0
1286,29,troy,auditory,42,4,3,4,G,1,C,0,0,0
1286,29,troy,auditory,42,4,3,5,F,1,G,2.49376558603491,1,1
1286,29,troy,auditory,43,7,3,1,A,1,X,0,0,0
1286,29,troy,auditory,43,7,3,2,C,1,A,0,0,0
1286,29,troy,auditory,43,7,3,3,G,1,C,0,0,0
1286,29,troy,auditory,43,7,3,4,F,1,G,0,0,0
1286,29,troy,auditory,43,7,3,5,C,1,F,0,0,0
1286,29,troy,auditory,44,3,3,1,A,1,X,0,0,0
1286,29,troy,auditory,44,3,3,2,C,1,A,0,0,0
1286,29,troy,auditory,44,3,3,3,G,1,C,0,0,0
1286,29,troy,auditory,44,3,3,4,F,1,G,2.49376558603491,1,1
1286,29,troy,auditory,44,3,3,5,C,1,F,4.98753117206983,2,2
1286,29,troy,auditory,45,5,3,1,A,1,X,0.292651321313319,1,0
1286,29,troy,auditory,45,5,3,2,C,1,A,0,0,-1
1286,29,troy,auditory,45,5,3,3,F,1,C,0,0,-1
1286,29,troy,auditory,45,5,3,4,C,1,F,4.98753117206982,2,1
1286,29,troy,auditory,45,5,3,5,G,1,C,0,0,-1
1286,29,troy,auditory,46,10,3,1,A,1,X,0,0,0
1286,29,troy,auditory,46,10,3,2,C,1,A,0,0,0
1286,29,troy,auditory,46,10,3,3,D,1,C,0,0,0
1286,29,troy,auditory,46,10,3,4,F,1,D,0,0,0
1286,29,troy,auditory,46,10,3,5,C,1,F,0,0,0
1286,29,troy,auditory,47,12,3,1,A,1,X,2.49376558603491,1,0
1286,29,troy,auditory,47,12,3,2,F,1,A,0,0,-1
1286,29,troy,auditory,47,12,3,3,C,1,F,0,0,-1
1286,29,troy,auditory,47,12,3,4,G,1,C,2.49376558603491,1,0
1286,29,troy,auditory,47,12,3,5,C,1,G,2.49376558603491,1,0
1286,29,troy,auditory,48,13,3,1,A,1,X,2.49376558603491,1,0
1286,29,troy,auditory,48,13,3,2,D,1,A,2.49376558603491,1,0
1286,29,troy,auditory,48,13,3,3,F,1,D,0,0,-1
1286,29,troy,auditory,48,13,3,4,C,1,F,0,0,-1
1286,29,troy,auditory,48,13,3,5,G,1,C,2.49376558603491,1,0
1286,29,troy,auditory,49,8,4,1,A,1,X,4.98753117206983,2,0
1286,29,troy,auditory,49,8,4,2,D,1,A,2.49376558603491,1,-1
1286,29,troy,auditory,49,8,4,3,C,1,D,0,0,-2
1286,29,troy,auditory,49,8,4,4,G,1,C,0,0,-2
1286,29,troy,auditory,49,8,4,5,F,1,G,0,0,-2
1286,29,troy,auditory,50,13,4,1,A,1,X,2.49376558603491,1,0
1286,29,troy,auditory,50,13,4,2,D,1,A,2.49376558603491,1,0
1286,29,troy,auditory,50,13,4,3,F,1,D,0,0,-1
1286,29,troy,auditory,50,13,4,4,C,1,F,2.49376558603491,1,0
1286,29,troy,auditory,50,13,4,5,G,1,C,0,0,-1
1286,29,troy,auditory,51,4,4,1,A,0,X,0,0,0
1286,29,troy,auditory,51,4,4,2,D,0,A,12.4688279301746,5,5
1286,29,troy,auditory,51,4,4,3,C,0,D,2.49376558603491,1,1
1286,29,troy,auditory,51,4,4,4,G,0,C,0,0,0
1286,29,troy,auditory,51,4,4,5,F,0,G,0,0,0
1286,29,troy,auditory,52,12,4,1,A,1,X,4.98753117206982,2,0
1286,29,troy,auditory,52,12,4,2,F,1,A,2.49376558603491,1,-1
1286,29,troy,auditory,52,12,4,3,C,1,F,0,0,-2
1286,29,troy,auditory,52,12,4,4,G,1,C,0,0,-2
1286,29,troy,auditory,52,12,4,5,C,1,G,4.98753117206982,2,0
1286,29,troy,auditory,53,10,4,1,A,1,X,0,0,0
1286,29,troy,auditory,53,10,4,2,C,1,A,0,0,0
1286,29,troy,auditory,53,10,4,3,D,1,C,0,0,0
1286,29,troy,auditory,53,10,4,4,F,1,D,4.98753117206983,2,2
1286,29,troy,auditory,53,10,4,5,C,1,F,0,0,0
1286,29,troy,auditory,54,1,4,1,A,1,X,0,0,0
1286,29,troy,auditory,54,1,4,2,C,1,A,2.49376558603491,1,1
1286,29,troy,auditory,54,1,4,3,F,1,C,0,0,0
1286,29,troy,auditory,54,1,4,4,C,1,F,0,0,0
1286,29,troy,auditory,54,1,4,5,G,1,C,4.98753117206983,2,2
1286,29,troy,auditory,55,15,4,1,A,1,X,0,0,0
1286,29,troy,auditory,55,15,4,2,C,1,A,0,0,0
1286,29,troy,auditory,55,15,4,3,F,1,C,0,0,0
1286,29,troy,auditory,55,15,4,4,C,1,F,0,0,0
1286,29,troy,auditory,55,15,4,5,F,1,C,0,0,0
1286,29,troy,auditory,56,2,4,1,A,1,X,0,0,0
1286,29,troy,auditory,56,2,4,2,D,1,A,2.49376558603491,1,1
1286,29,troy,auditory,56,2,4,3,C,1,D,2.49376558603491,1,1
1286,29,troy,auditory,56,2,4,4,F,1,C,0,0,0
1286,29,troy,auditory,56,2,4,5,C,1,F,2.49376558603491,1,1
1286,29,troy,auditory,57,14,4,1,A,0,X,0,0,0
1286,29,troy,auditory,57,14,4,2,D,0,A,0,0,0
1286,29,troy,auditory,57,14,4,3,G,0,D,2.49376558603491,1,1
1286,29,troy,auditory,57,14,4,4,F,0,G,0,0,0
1286,29,troy,auditory,57,14,4,5,C,0,F,2.49376558603491,1,1
1286,29,troy,auditory,58,3,4,1,A,1,X,0,0,0
1286,29,troy,auditory,58,3,4,2,C,1,A,0,0,0
1286,29,troy,auditory,58,3,4,3,G,1,C,2.49376558603491,1,1
1286,29,troy,auditory,58,3,4,4,F,1,G,2.49376558603491,1,1
1286,29,troy,auditory,58,3,4,5,C,1,F,2.49376558603491,1,1
1286,29,troy,auditory,59,7,4,1,A,1,X,0,0,0
1286,29,troy,auditory,59,7,4,2,C,1,A,2.49376558603491,1,1
1286,29,troy,auditory,59,7,4,3,G,1,C,0,0,0
1286,29,troy,auditory,59,7,4,4,F,1,G,2.49376558603491,1,1
1286,29,troy,auditory,59,7,4,5,C,1,F,2.49376558603491,1,1
1286,29,troy,auditory,60,9,4,1,A,1,X,0,0,0
1286,29,troy,auditory,60,9,4,2,G,1,A,0,0,0
1286,29,troy,auditory,60,9,4,3,F,1,G,0,0,0
1286,29,troy,auditory,60,9,4,4,C,1,F,0,0,0
1286,29,troy,auditory,60,9,4,5,D,1,C,0,0,0
1286,29,troy,auditory,61,11,4,1,A,1,X,0,0,0
1286,29,troy,auditory,61,11,4,2,G,1,A,2.49376558603491,1,1
1286,29,troy,auditory,61,11,4,3,C,1,G,2.49376558603491,1,1
1286,29,troy,auditory,61,11,4,4,F,1,C,2.49376558603491,1,1
1286,29,troy,auditory,61,11,4,5,C,1,F,0,0,0
1286,29,troy,auditory,62,6,4,1,A,1,X,0,0,0
1286,29,troy,auditory,62,6,4,2,D,1,A,0,0,0
1286,29,troy,auditory,62,6,4,3,C,1,D,0,0,0
1286,29,troy,auditory,62,6,4,4,F,1,C,2.49376558603491,1,1
1286,29,troy,auditory,62,6,4,5,C,1,F,2.49376558603491,1,1
1286,29,troy,auditory,63,16,4,1,A,1,X,2.49376558603491,1,0
1286,29,troy,auditory,63,16,4,2,D,1,A,2.49376558603491,1,0
1286,29,troy,auditory,63,16,4,3,C,1,D,4.98753117206982,2,1
1286,29,troy,auditory,63,16,4,4,G,1,C,0,0,-1
1286,29,troy,auditory,63,16,4,5,C,1,G,2.49376558603491,1,0
1286,29,troy,auditory,64,5,4,1,A,1,X,4.98753117206983,2,0
1286,29,troy,auditory,64,5,4,2,C,1,A,0,0,-2
1286,29,troy,auditory,64,5,4,3,F,1,C,0,0,-2
1286,29,troy,auditory,64,5,4,4,C,1,F,0,0,-2
1286,29,troy,auditory,64,5,4,5,G,1,C,0,0,-2
1286,29,troy,auditory,65,6,5,1,A,0,X,NaN,0,0
1286,29,troy,auditory,65,6,5,2,D,0,A,NaN,0,0
1286,29,troy,auditory,65,6,5,3,C,0,D,NaN,0,0
1286,29,troy,auditory,65,6,5,4,F,0,C,NaN,0,0
1286,29,troy,auditory,65,6,5,5,C,0,F,NaN,0,0
1286,29,troy,auditory,66,9,5,1,A,1,X,0,0,0
1286,29,troy,auditory,66,9,5,2,G,1,A,2.49376558603491,1,1
1286,29,troy,auditory,66,9,5,3,F,1,G,0,0,0
1286,29,troy,auditory,66,9,5,4,C,1,F,0,0,0
1286,29,troy,auditory,66,9,5,5,D,1,C,0,0,0
1286,29,troy,auditory,67,2,5,1,A,1,X,2.49376558603491,1,0
1286,29,troy,auditory,67,2,5,2,D,1,A,0,0,-1
1286,29,troy,auditory,67,2,5,3,C,1,D,0,0,-1
1286,29,troy,auditory,67,2,5,4,F,1,C,2.49376558603491,1,0
1286,29,troy,auditory,67,2,5,5,C,1,F,1.85779946391215,1,0
1286,29,troy,auditory,68,16,5,1,A,1,X,2.49376558603491,1,0
1286,29,troy,auditory,68,16,5,2,D,1,A,0,0,-1
1286,29,troy,auditory,68,16,5,3,C,1,D,0,0,-1
1286,29,troy,auditory,68,16,5,4,G,1,C,0,0,-1
1286,29,troy,auditory,68,16,5,5,C,1,G,0,0,-1
1286,29,troy,auditory,69,10,5,1,A,0,X,0,0,0
1286,29,troy,auditory,69,10,5,2,C,0,A,0,0,0
1286,29,troy,auditory,69,10,5,3,D,0,C,0,0,0
1286,29,troy,auditory,69,10,5,4,F,0,D,0,0,0
1286,29,troy,auditory,69,10,5,5,C,0,F,4.98753117206983,2,2
1286,29,troy,auditory,70,3,5,1,A,1,X,7.48129675810474,3,0
1286,29,troy,auditory,70,3,5,2,C,1,A,0,0,-3
1286,29,troy,auditory,70,3,5,3,G,1,C,2.49376558603491,1,-2
1286,29,troy,auditory,70,3,5,4,F,1,G,0.746380271996048,0,-3
1286,29,troy,auditory,70,3,5,5,C,1,F,2.49376558603491,1,-2
1286,29,troy,auditory,71,13,5,1,A,1,X,0,0,0
1286,29,troy,auditory,71,13,5,2,D,1,A,0,0,0
1286,29,troy,auditory,71,13,5,3,F,1,D,2.49376558603491,1,1
1286,29,troy,auditory,71,13,5,4,C,1,F,0,0,0
1286,29,troy,auditory,71,13,5,5,G,1,C,0,0,0
1286,29,troy,auditory,72,11,5,1,A,0,X,NaN,0,0
1286,29,troy,auditory,72,11,5,2,G,0,A,NaN,0,0
1286,29,troy,auditory,72,11,5,3,C,0,G,NaN,0,0
1286,29,troy,auditory,72,11,5,4,F,0,C,NaN,0,0
1286,29,troy,auditory,72,11,5,5,C,0,F,NaN,0,0
1286,29,troy,auditory,73,15,5,1,A,1,X,4.98753117206983,2,0
1286,29,troy,auditory,73,15,5,2,C,1,A,0,0,-2
1286,29,troy,auditory,73,15,5,3,F,1,C,0,0,-2
1286,29,troy,auditory,73,15,5,4,C,1,F,2.06273585176605,1,-1
1286,29,troy,auditory,73,15,5,5,F,1,C,4.98753117206983,2,0
1286,29,troy,auditory,74,8,5,1,A,1,X,0.862455025565239,0,0
1286,29,troy,auditory,74,8,5,2,D,1,A,2.49376558603491,1,1
1286,29,troy,auditory,74,8,5,3,C,1,D,0,0,0
1286,29,troy,auditory,74,8,5,4,G,1,C,4.98753117206982,2,2
1286,29,troy,auditory,74,8,5,5,F,1,G,0,0,0
1286,29,troy,auditory,75,1,5,1,A,1,X,7.48129675810474,3,0
1286,29,troy,auditory,75,1,5,2,C,1,A,0,0,-3
1286,29,troy,auditory,75,1,5,3,F,1,C,3.73993018631522,2,-1
1286,29,troy,auditory,75,1,5,4,C,1,F,2.49376558603491,1,-2
1286,29,troy,auditory,75,1,5,5,G,1,C,0,0,-3
1286,29,troy,auditory,76,14,5,1,A,1,X,2.49376558603491,1,0
1286,29,troy,auditory,76,14,5,2,D,1,A,0,0,-1
1286,29,troy,auditory,76,14,5,3,G,1,D,2.49376558603491,1,0
1286,29,troy,auditory,76,14,5,4,F,1,G,0,0,-1
1286,29,troy,auditory,76,14,5,5,C,1,F,2.49376558603491,1,0
1286,29,troy,auditory,77,5,5,1,A,1,X,7.48129675810474,3,0
1286,29,troy,auditory,77,5,5,2,C,1,A,9.33909622201689,4,1
1286,29,troy,auditory,77,5,5,3,F,1,C,0,0,-3
1286,29,troy,auditory,77,5,5,4,C,1,F,0,0,-3
1286,29,troy,auditory,77,5,5,5,G,1,C,0,0,-3
1286,29,troy,auditory,78,12,5,1,A,1,X,0,0,0
1286,29,troy,auditory,78,12,5,2,F,1,A,0,0,0
1286,29,troy,auditory,78,12,5,3,C,1,F,0,0,0
1286,29,troy,auditory,78,12,5,4,G,1,C,2.49376558603491,1,1
1286,29,troy,auditory,78,12,5,5,C,1,G,0,0,0
1286,29,troy,auditory,79,7,5,1,A,1,X,0,0,0
1286,29,troy,auditory,79,7,5,2,C,1,A,0,0,0
1286,29,troy,auditory,79,7,5,3,G,1,C,0,0,0
1286,29,troy,auditory,79,7,5,4,F,1,G,0,0,0
1286,29,troy,auditory,79,7,5,5,C,1,F,2.49376558603491,1,1
1286,29,troy,auditory,80,4,5,1,A,1,X,2.49376558603491,1,0
1286,29,troy,auditory,80,4,5,2,D,1,A,0,0,-1
1286,29,troy,auditory,80,4,5,3,C,1,D,0,0,-1
1286,29,troy,auditory,80,4,5,4,G,1,C,0,0,-1
1286,29,troy,auditory,80,4,5,5,F,1,G,0,0,-1
1286,29,troy,auditory,81,4,6,1,A,1,X,2.49376558603491,1,0
1286,29,troy,auditory,81,4,6,2,D,1,A,0,0,-1
1286,29,troy,auditory,81,4,6,3,C,1,D,2.49376558603491,1,0
1286,29,troy,auditory,81,4,6,4,G,1,C,0,0,-1
1286,29,troy,auditory,81,4,6,5,F,1,G,0,0,-1
1286,29,troy,auditory,82,16,6,1,A,0,X,NaN,0,0
1286,29,troy,auditory,82,16,6,2,D,0,A,NaN,0,0
1286,29,troy,auditory,82,16,6,3,C,0,D,NaN,0,0
1286,29,troy,auditory,82,16,6,4,G,0,C,NaN,0,0
1286,29,troy,auditory,82,16,6,5,C,0,G,NaN,0,0
1286,29,troy,auditory,83,2,6,1,A,0,X,NaN,0,0
1286,29,troy,auditory,83,2,6,2,D,0,A,NaN,0,0
1286,29,troy,auditory,83,2,6,3,C,0,D,NaN,0,0
1286,29,troy,auditory,83,2,6,4,F,0,C,NaN,0,0
1286,29,troy,auditory,83,2,6,5,C,0,F,NaN,0,0
1286,29,troy,auditory,84,14,6,1,A,1,X,4.98753117206983,2,0
1286,29,troy,auditory,84,14,6,2,D,1,A,2.49376558603491,1,-1
1286,29,troy,auditory,84,14,6,3,G,1,D,7.48129675810474,3,1
1286,29,troy,auditory,84,14,6,4,F,1,G,0,0,-2
1286,29,troy,auditory,84,14,6,5,C,1,F,2.49376558603491,1,-1
1286,29,troy,auditory,85,8,6,1,A,1,X,2.49376558603491,1,0
1286,29,troy,auditory,85,8,6,2,D,1,A,4.98753117206983,2,1
1286,29,troy,auditory,85,8,6,3,C,1,D,0,0,-1
1286,29,troy,auditory,85,8,6,4,G,1,C,0,0,-1
1286,29,troy,auditory,85,8,6,5,F,1,G,2.49376558603491,1,0
1286,29,troy,auditory,86,9,6,1,A,1,X,4.98753117206982,2,0
1286,29,troy,auditory,86,9,6,2,G,1,A,0,0,-2
1286,29,troy,auditory,86,9,6,3,F,1,G,0,0,-2
1286,29,troy,auditory,86,9,6,4,C,1,F,0,0,-2
1286,29,troy,auditory,86,9,6,5,D,1,C,2.49376558603491,1,-1
1286,29,troy,auditory,87,7,6,1,A,0,X,NaN,0,0
1286,29,troy,auditory,87,7,6,2,C,0,A,NaN,0,0
1286,29,troy,auditory,87,7,6,3,G,0,C,NaN,0,0
1286,29,troy,auditory,87,7,6,4,F,0,G,NaN,0,0
1286,29,troy,auditory,87,7,6,5,C,0,F,NaN,0,0
1286,29,troy,auditory,88,1,6,1,A,1,X,0,0,0
1286,29,troy,auditory,88,1,6,2,C,1,A,0,0,0
1286,29,troy,auditory,88,1,6,3,F,1,C,0,0,0
1286,29,troy,auditory,88,1,6,4,C,1,F,4.98753117206983,2,2
1286,29,troy,auditory,88,1,6,5,G,1,C,4.98753117206983,2,2
1286,29,troy,auditory,89,13,6,1,A,1,X,2.49376558603491,1,0
1286,29,troy,auditory,89,13,6,2,D,1,A,4.98753117206983,2,1
1286,29,troy,auditory,89,13,6,3,F,1,D,7.48129675810474,3,2
1286,29,troy,auditory,89,13,6,4,C,1,F,0,0,-1
1286,29,troy,auditory,89,13,6,5,G,1,C,6.37685949290273,2,1
1286,29,troy,auditory,90,3,6,1,A,1,X,0,0,0
1286,29,troy,auditory,90,3,6,2,C,1,A,0,0,0
1286,29,troy,auditory,90,3,6,3,G,1,C,0,0,0
1286,29,troy,auditory,90,3,6,4,F,1,G,2.49376558603491,1,1
1286,29,troy,auditory,90,3,6,5,C,1,F,0,0,0
1286,29,troy,auditory,91,6,6,1,A,1,X,0,0,0
1286,29,troy,auditory,91,6,6,2,D,1,A,0,0,0
1286,29,troy,auditory,91,6,6,3,C,1,D,0,0,0
1286,29,troy,auditory,91,6,6,4,F,1,C,3.88309390686782,1,1
1286,29,troy,auditory,91,6,6,5,C,1,F,0,0,0
1286,29,troy,auditory,92,15,6,1,A,1,X,0,0,0
1286,29,troy,auditory,92,15,6,2,C,1,A,0,0,0
1286,29,troy,auditory,92,15,6,3,F,1,C,2.49376558603491,1,1
1286,29,troy,auditory,92,15,6,4,C,1,F,2.49376558603491,1,1
1286,29,troy,auditory,92,15,6,5,F,1,C,0,0,0
1286,29,troy,auditory,93,10,6,1,A,1,X,0,0,0
1286,29,troy,auditory,93,10,6,2,C,1,A,2.49376558603491,1,1
1286,29,troy,auditory,93,10,6,3,D,1,C,2.49376558603491,1,1
1286,29,troy,auditory,93,10,6,4,F,1,D,0,0,0
1286,29,troy,auditory,93,10,6,5,C,1,F,0,0,0
1286,29,troy,auditory,94,11,6,1,A,1,X,2.49376558603491,1,0
1286,29,troy,auditory,94,11,6,2,G,1,A,0,0,-1
1286,29,troy,auditory,94,11,6,3,C,1,G,0,0,-1
1286,29,troy,auditory,94,11,6,4,F,1,C,0,0,-1
1286,29,troy,auditory,94,11,6,5,C,1,F,0,0,-1
1286,29,troy,auditory,95,5,6,1,A,1,X,2.49376558603491,1,0
1286,29,troy,auditory,95,5,6,2,C,1,A,2.49376558603491,1,0
1286,29,troy,auditory,95,5,6,3,F,1,C,2.49376558603491,1,0
1286,29,troy,auditory,95,5,6,4,C,1,F,2.49376558603491,1,0
1286,29,troy,auditory,95,5,6,5,G,1,C,2.49376558603491,1,0
1286,29,troy,auditory,96,12,6,1,A,1,X,0,0,0
1286,29,troy,auditory,96,12,6,2,F,1,A,2.49376558603491,1,1
1286,29,troy,auditory,96,12,6,3,C,1,F,4.98753117206983,2,2
1286,29,troy,auditory,96,12,6,4,G,1,C,0,0,0
1286,29,troy,auditory,96,12,6,5,C,1,G,0,0,0
1286,29,troy,auditory,97,5,7,1,A,1,X,0,0,0
1286,29,troy,auditory,97,5,7,2,C,1,A,2.49376558603491,1,1
1286,29,troy,auditory,97,5,7,3,F,1,C,0,0,0
1286,29,troy,auditory,97,5,7,4,C,1,F,7.48129675810474,3,3
1286,29,troy,auditory,97,5,7,5,G,1,C,4.98753117206982,2,2
1286,29,troy,auditory,98,14,7,1,A,1,X,2.49376558603491,0,0
1286,29,troy,auditory,98,14,7,2,D,1,A,0,0,0
1286,29,troy,auditory,98,14,7,3,G,1,D,2.49376558603491,1,1
1286,29,troy,auditory,98,14,7,4,F,1,G,0,0,0
1286,29,troy,auditory,98,14,7,5,C,1,F,0,0,0
1286,29,troy,auditory,99,13,7,1,A,1,X,0,0,0
1286,29,troy,auditory,99,13,7,2,D,1,A,0,0,0
1286,29,troy,auditory,99,13,7,3,F,1,D,0,0,0
1286,29,troy,auditory,99,13,7,4,C,1,F,0,0,0
1286,29,troy,auditory,99,13,7,5,G,1,C,0,0,0
1286,29,troy,auditory,100,4,7,1,A,1,X,0,0,0
1286,29,troy,auditory,100,4,7,2,D,1,A,0,0,0
1286,29,troy,auditory,100,4,7,3,C,1,D,0,0,0
1286,29,troy,auditory,100,4,7,4,G,1,C,0,0,0
1286,29,troy,auditory,100,4,7,5,F,1,G,4.98753117206983,2,2
1286,29,troy,auditory,101,15,7,1,A,1,X,2.49376558603491,1,0
1286,29,troy,auditory,101,15,7,2,C,1,A,0,0,-1
1286,29,troy,auditory,101,15,7,3,F,1,C,2.49376558603491,1,0
1286,29,troy,auditory,101,15,7,4,C,1,F,0,0,-1
1286,29,troy,auditory,101,15,7,5,F,1,C,2.49376558603491,1,0
1286,29,troy,auditory,102,12,7,1,A,0,X,0,0,0
1286,29,troy,auditory,102,12,7,2,F,0,A,2.49376558603491,1,1
1286,29,troy,auditory,102,12,7,3,C,0,F,2.49376558603491,1,1
1286,29,troy,auditory,102,12,7,4,G,0,C,2.49376558603491,1,1
1286,29,troy,auditory,102,12,7,5,C,0,G,2.49376558603491,1,1
1286,29,troy,auditory,103,11,7,1,A,1,X,2.49376558603491,1,0
1286,29,troy,auditory,103,11,7,2,G,1,A,2.49376558603491,1,0
1286,29,troy,auditory,103,11,7,3,C,1,G,0,0,-1
1286,29,troy,auditory,103,11,7,4,F,1,C,4.98753117206982,2,1
1286,29,troy,auditory,103,11,7,5,C,1,F,0,0,-1
1286,29,troy,auditory,104,10,7,1,A,1,X,2.49376558603491,1,0
1286,29,troy,auditory,104,10,7,2,C,1,A,0,0,-1
1286,29,troy,auditory,104,10,7,3,D,1,C,0,0,-1
1286,29,troy,auditory,104,10,7,4,F,1,D,0.635966122122762,0,-1
1286,29,troy,auditory,104,10,7,5,C,1,F,2.49376558603491,1,0
1286,29,troy,auditory,105,7,7,1,A,1,X,0,0,0
1286,29,troy,auditory,105,7,7,2,C,1,A,0,0,0
1286,29,troy,auditory,105,7,7,3,G,1,C,2.49376558603491,1,1
1286,29,troy,auditory,105,7,7,4,F,1,G,2.49376558603491,1,1
1286,29,troy,auditory,105,7,7,5,C,1,F,0,0,0
1286,29,troy,auditory,106,8,7,1,A,1,X,0,0,0
1286,29,troy,auditory,106,8,7,2,D,1,A,0,0,0
1286,29,troy,auditory,106,8,7,3,C,1,D,0,0,0
1286,29,troy,auditory,106,8,7,4,G,1,C,2.49376558603491,1,1
1286,29,troy,auditory,106,8,7,5,F,1,G,0,0,0
1286,29,troy,auditory,107,3,7,1,A,1,X,0,0,0
1286,29,troy,auditory,107,3,7,2,C,1,A,4.98753117206982,2,2
1286,29,troy,auditory,107,3,7,3,G,1,C,2.49376558603491,1,1
1286,29,troy,auditory,107,3,7,4,F,1,G,0,0,0
1286,29,troy,auditory,107,3,7,5,C,1,F,2.49376558603491,1,1
1286,29,troy,auditory,108,9,7,1,A,0,X,NaN,0,0
1286,29,troy,auditory,108,9,7,2,G,0,A,NaN,0,0
1286,29,troy,auditory,108,9,7,3,F,0,G,NaN,0,0
1286,29,troy,auditory,108,9,7,4,C,0,F,NaN,0,0
1286,29,troy,auditory,108,9,7,5,D,0,C,NaN,0,0
1286,29,troy,auditory,109,1,7,1,A,0,X,NaN,0,0
1286,29,troy,auditory,109,1,7,2,C,0,A,NaN,0,0
1286,29,troy,auditory,109,1,7,3,F,0,C,NaN,0,0
1286,29,troy,auditory,109,1,7,4,C,0,F,NaN,0,0
1286,29,troy,auditory,109,1,7,5,G,0,C,NaN,0,0
1286,29,troy,auditory,110,2,7,1,A,1,X,0,0,0
1286,29,troy,auditory,110,2,7,2,D,1,A,0,0,0
1286,29,troy,auditory,110,2,7,3,C,1,D,2.49376558603491,1,1
1286,29,troy,auditory,110,2,7,4,F,1,C,0,0,0
1286,29,troy,auditory,110,2,7,5,C,1,F,0,0,0
1286,29,troy,auditory,111,6,7,1,A,1,X,2.49376558603491,1,0
1286,29,troy,auditory,111,6,7,2,D,1,A,0,0,-1
1286,29,troy,auditory,111,6,7,3,C,1,D,0,0,-1
1286,29,troy,auditory,111,6,7,4,F,1,C,0,0,-1
1286,29,troy,auditory,111,6,7,5,C,1,F,0,0,-1
1286,29,troy,auditory,112,16,7,1,A,1,X,0,0,0
1286,29,troy,auditory,112,16,7,2,D,1,A,0,0,0
1286,29,troy,auditory,112,16,7,3,C,1,D,2.49376558603491,1,1
1286,29,troy,auditory,112,16,7,4,G,1,C,0,0,0
1286,29,troy,auditory,112,16,7,5,C,1,G,0,0,0
1286,29,troy,auditory,113,5,8,1,A,1,X,2.49376558603491,1,0
1286,29,troy,auditory,113,5,8,2,C,1,A,2.49376558603491,1,0
1286,29,troy,auditory,113,5,8,3,F,1,C,1.50928581531977,1,0
1286,29,troy,auditory,113,5,8,4,C,1,F,0,0,-1
1286,29,troy,auditory,113,5,8,5,G,1,C,0,0,-1
1286,29,troy,auditory,114,15,8,1,A,1,X,4.98753117206982,2,0
1286,29,troy,auditory,114,15,8,2,C,1,A,2.73936111601623,1,-1
1286,29,troy,auditory,114,15,8,3,F,1,C,2.49376558603491,1,-1
1286,29,troy,auditory,114,15,8,4,C,1,F,7.48129675810474,3,1
1286,29,troy,auditory,114,15,8,5,F,1,C,2.49376558603491,1,-1
1286,29,troy,auditory,115,10,8,1,A,1,X,2.49376558603491,1,0
1286,29,troy,auditory,115,10,8,2,C,1,A,9.97506234413965,4,3
1286,29,troy,auditory,115,10,8,3,D,1,C,0,0,-1
1286,29,troy,auditory,115,10,8,4,F,1,D,2.49376558603491,1,0
1286,29,troy,auditory,115,10,8,5,C,1,F,0,0,-1
1286,29,troy,auditory,116,8,8,1,A,1,X,2.49376558603491,1,0
1286,29,troy,auditory,116,8,8,2,D,1,A,2.49376558603491,1,0
1286,29,troy,auditory,116,8,8,3,C,1,D,4.98753117206983,2,1
1286,29,troy,auditory,116,8,8,4,G,1,C,0,0,-1
1286,29,troy,auditory,116,8,8,5,F,1,G,0,0,-1
1286,29,troy,auditory,117,1,8,1,A,1,X,0,0,0
1286,29,troy,auditory,117,1,8,2,C,1,A,0,0,0
1286,29,troy,auditory,117,1,8,3,F,1,C,0,1,1
1286,29,troy,auditory,117,1,8,4,C,1,F,0,0,0
1286,29,troy,auditory,117,1,8,5,G,1,C,2.49376558603491,1,1
1286,29,troy,auditory,118,16,8,1,A,1,X,0,0,0
1286,29,troy,auditory,118,16,8,2,D,1,A,4.98753117206982,2,2
1286,29,troy,auditory,118,16,8,3,C,1,D,2.49376558603491,1,1
1286,29,troy,auditory,118,16,8,4,G,1,C,0,0,0
1286,29,troy,auditory,118,16,8,5,C,1,G,4.98753117206983,2,2
1286,29,troy,auditory,119,9,8,1,A,1,X,0,0,0
1286,29,troy,auditory,119,9,8,2,G,1,A,2.49376558603491,1,1
1286,29,troy,auditory,119,9,8,3,F,1,G,2.49376558603491,1,1
1286,29,troy,auditory,119,9,8,4,C,1,F,2.49376558603491,1,1
1286,29,troy,auditory,119,9,8,5,D,1,C,0,0,0
1286,29,troy,auditory,120,12,8,1,A,1,X,12.4688279301746,5,0
1286,29,troy,auditory,120,12,8,2,F,1,A,0,0,-5
1286,29,troy,auditory,120,12,8,3,C,1,F,2.49376558603491,1,-4
1286,29,troy,auditory,120,12,8,4,G,1,C,0,0,-5
1286,29,troy,auditory,120,12,8,5,C,1,G,0,0,-5
1286,29,troy,auditory,121,14,8,1,A,0,X,NaN,0,0
1286,29,troy,auditory,121,14,8,2,D,0,A,NaN,0,0
1286,29,troy,auditory,121,14,8,3,G,0,D,NaN,0,0
1286,29,troy,auditory,121,14,8,4,F,0,G,NaN,0,0
1286,29,troy,auditory,121,14,8,5,C,0,F,NaN,0,0
1286,29,troy,auditory,122,6,8,1,A,1,X,0,0,0
1286,29,troy,auditory,122,6,8,2,D,1,A,7.48129675810474,3,3
1286,29,troy,auditory,122,6,8,3,C,1,D,0,0,0
1286,29,troy,auditory,122,6,8,4,F,1,C,2.49376558603491,1,1
1286,29,troy,auditory,122,6,8,5,C,1,F,2.49376558603491,1,1
1286,29,troy,auditory,123,13,8,1,A,1,X,2.49376558603491,1,0
1286,29,troy,auditory,123,13,8,2,D,1,A,2.49376558603491,1,0
1286,29,troy,auditory,123,13,8,3,F,1,D,0,0,-1
1286,29,troy,auditory,123,13,8,4,C,1,F,0,0,-1
1286,29,troy,auditory,123,13,8,5,G,1,C,7.48129675810474,3,2
1286,29,troy,auditory,124,2,8,1,A,1,X,7.27631387829696,2,0
1286,29,troy,auditory,124,2,8,2,D,1,A,0,0,-2
1286,29,troy,auditory,124,2,8,3,C,1,D,2.49376558603491,1,-1
1286,29,troy,auditory,124,2,8,4,F,1,C,0,0,-2
1286,29,troy,auditory,124,2,8,5,C,1,F,4.98753117206983,2,0
1286,29,troy,auditory,125,3,8,1,A,1,X,0,0,0
1286,29,troy,auditory,125,3,8,2,C,1,A,0,0,0
1286,29,troy,auditory,125,3,8,3,G,1,C,0,0,0
1286,29,troy,auditory,125,3,8,4,F,1,G,4.98753117206983,2,2
1286,29,troy,auditory,125,3,8,5,C,1,F,0,0,0
1286,29,troy,auditory,126,7,8,1,A,1,X,0,0,0
1286,29,troy,auditory,126,7,8,2,C,1,A,2.49376558603491,1,1
1286,29,troy,auditory,126,7,8,3,G,1,C,2.49376558603491,1,1
1286,29,troy,auditory,126,7,8,4,F,1,G,0,0,0
1286,29,troy,auditory,126,7,8,5,C,1,F,4.98753117206983,2,2
1286,29,troy,auditory,127,4,8,1,A,1,X,2.49376558603491,1,0
1286,29,troy,auditory,127,4,8,2,D,1,A,0,0,-1
1286,29,troy,auditory,127,4,8,3,C,1,D,0,0,-1
1286,29,troy,auditory,127,4,8,4,G,1,C,2.49376558603491,1,0
1286,29,troy,auditory,127,4,8,5,F,1,G,0,0,-1
1286,29,troy,auditory,128,11,8,1,A,1,X,2.49376558603491,1,0
1286,29,troy,auditory,128,11,8,2,G,1,A,7.48129675810474,3,2
1286,29,troy,auditory,128,11,8,3,C,1,G,0,1,0
1286,29,troy,auditory,128,11,8,4,F,1,C,2.49376558603491,1,0
1286,29,troy,auditory,128,11,8,5,C,1,F,0,0,-1
1286,29,troy,auditory,129,3,9,1,A,1,X,0,0,0
1286,29,troy,auditory,129,3,9,2,C,1,A,2.49376558603491,1,1
1286,29,troy,auditory,129,3,9,3,G,1,C,4.98753117206982,2,2
1286,29,troy,auditory,129,3,9,4,F,1,G,2.49376558603491,1,1
1286,29,troy,auditory,129,3,9,5,C,1,F,0,0,0
1286,29,troy,auditory,130,12,9,1,A,1,X,2.49376558603491,1,0
1286,29,troy,auditory,130,12,9,2,F,1,A,0,0,-1
1286,29,troy,auditory,130,12,9,3,C,1,F,2.49376558603491,1,0
1286,29,troy,auditory,130,12,9,4,G,1,C,7.48129675810474,3,2
1286,29,troy,auditory,130,12,9,5,C,1,G,0,0,-1
1286,29,troy,auditory,131,14,9,1,A,1,X,4.90972346000702,2,0
1286,29,troy,auditory,131,14,9,2,D,1,A,0,0,-2
1286,29,troy,auditory,131,14,9,3,G,1,D,0,0,-2
1286,29,troy,auditory,131,14,9,4,F,1,G,1.53823626001007,0,-2
1286,29,troy,auditory,131,14,9,5,C,1,F,6.09196843727183,3,1
1286,29,troy,auditory,132,1,9,1,A,1,X,0,0,0
1286,29,troy,auditory,132,1,9,2,C,1,A,0,0,0
1286,29,troy,auditory,132,1,9,3,F,1,C,0,0,0
1286,29,troy,auditory,132,1,9,4,C,1,F,2.49376558603491,1,1
1286,29,troy,auditory,132,1,9,5,G,1,C,0,0,0
1286,29,troy,auditory,133,10,9,1,A,1,X,0,0,0
1286,29,troy,auditory,133,10,9,2,C,1,A,2.49376558603491,1,1
1286,29,troy,auditory,133,10,9,3,D,1,C,4.98753117206982,2,2
1286,29,troy,auditory,133,10,9,4,F,1,D,0,0,0
1286,29,troy,auditory,133,10,9,5,C,1,F,0,0,0
1286,29,troy,auditory,134,11,9,1,A,1,X,3.60652276286729,1,0
1286,29,troy,auditory,134,11,9,2,G,1,A,4.12507614650459,2,1
1286,29,troy,auditory,134,11,9,3,C,1,G,9.97506234413965,4,3
1286,29,troy,auditory,134,11,9,4,F,1,C,2.49376558603491,1,0
1286,29,troy,auditory,134,11,9,5,C,1,F,2.49376558603491,1,0
1286,29,troy,auditory,135,15,9,1,A,1,X,0,0,0
1286,29,troy,auditory,135,15,9,2,C,1,A,2.49376558603491,1,1
1286,29,troy,auditory,135,15,9,3,F,1,C,0,0,0
1286,29,troy,auditory,135,15,9,4,C,1,F,2.49376558603491,1,1
1286,29,troy,auditory,135,15,9,5,F,1,C,2.49376558603491,1,1
1286,29,troy,auditory,136,7,9,1,A,1,X,0,0,0
1286,29,troy,auditory,136,7,9,2,C,1,A,2.49376558603491,1,1
1286,29,troy,auditory,136,7,9,3,G,1,C,2.49376558603491,1,1
1286,29,troy,auditory,136,7,9,4,F,1,G,0,0,0
1286,29,troy,auditory,136,7,9,5,C,1,F,1.10443726520201,1,1
1286,29,troy,auditory,137,2,9,1,A,1,X,0,0,0
1286,29,troy,auditory,137,2,9,2,D,1,A,0,0,0
1286,29,troy,auditory,137,2,9,3,C,1,D,0,0,0
1286,29,troy,auditory,137,2,9,4,F,1,C,2.49376558603491,1,1
1286,29,troy,auditory,137,2,9,5,C,1,F,0,0,0
1286,29,troy,auditory,138,4,9,1,A,1,X,0,0,0
1286,29,troy,auditory,138,4,9,2,D,1,A,1.38100840920253,1,1
1286,29,troy,auditory,138,4,9,3,C,1,D,3.87477399523744,2,2
1286,29,troy,auditory,138,4,9,4,G,1,C,2.49376558603491,1,1
1286,29,troy,auditory,138,4,9,5,F,1,G,2.49376558603491,1,1
1286,29,troy,auditory,139,13,9,1,A,0,X,NaN,0,0
1286,29,troy,auditory,139,13,9,2,D,0,A,NaN,0,0
1286,29,troy,auditory,139,13,9,3,F,0,D,NaN,0,0
1286,29,troy,auditory,139,13,9,4,C,0,F,NaN,0,0
1286,29,troy,auditory,139,13,9,5,G,0,C,NaN,0,0
1286,29,troy,auditory,140,16,9,1,A,0,X,NaN,0,0
1286,29,troy,auditory,140,16,9,2,D,0,A,NaN,0,0
1286,29,troy,auditory,140,16,9,3,C,0,D,NaN,0,0
1286,29,troy,auditory,140,16,9,4,G,0,C,NaN,0,0
1286,29,troy,auditory,140,16,9,5,C,0,G,NaN,0,0
1286,29,troy,auditory,141,9,9,1,A,1,X,14.9625935162095,6,0
1286,29,troy,auditory,141,9,9,2,G,1,A,0,0,-6
1286,29,troy,auditory,141,9,9,3,F,1,G,0,0,-6
1286,29,troy,auditory,141,9,9,4,C,1,F,0,0,-6
1286,29,troy,auditory,141,9,9,5,D,1,C,0,0,-6
1286,29,troy,auditory,142,5,9,1,A,1,X,2.49376558603491,1,0
1286,29,troy,auditory,142,5,9,2,C,1,A,0,0,-1
1286,29,troy,auditory,142,5,9,3,F,1,C,2.49376558603491,1,0
1286,29,troy,auditory,142,5,9,4,C,1,F,2.49376558603491,1,0
1286,29,troy,auditory,142,5,9,5,G,1,C,0,0,-1
1286,29,troy,auditory,143,8,9,1,A,0,X,0,0,0
1286,29,troy,auditory,143,8,9,2,D,0,A,2.49376558603491,1,1
1286,29,troy,auditory,143,8,9,3,C,0,D,2.49376558603491,1,1
1286,29,troy,auditory,143,8,9,4,G,0,C,7.48129675810474,3,3
1286,29,troy,auditory,143,8,9,5,F,0,G,4.98753117206983,2,2
1286,29,troy,auditory,144,6,9,1,A,1,X,4.98753117206983,2,0
1286,29,troy,auditory,144,6,9,2,D,1,A,0,0,-2
1286,29,troy,auditory,144,6,9,3,C,1,D,0.431029734268861,0,-2
1286,29,troy,auditory,144,6,9,4,F,1,C,7.48129675810474,3,1
1286,29,troy,auditory,144,6,9,5,C,1,F,0,0,-2
1286,29,troy,auditory,145,7,10,1,A,1,X,0,0,0
1286,29,troy,auditory,145,7,10,2,C,1,A,2.49376558603491,1,1
1286,29,troy,auditory,145,7,10,3,G,1,C,4.86035600432485,1,1
1286,29,troy,auditory,145,7,10,4,F,1,G,0,0,0
1286,29,troy,auditory,145,7,10,5,C,1,F,2.49376558603491,1,1
1286,29,troy,auditory,146,11,10,1,A,0,X,NaN,0,0
1286,29,troy,auditory,146,11,10,2,G,0,A,NaN,0,0
1286,29,troy,auditory,146,11,10,3,C,0,G,NaN,0,0
1286,29,troy,auditory,146,11,10,4,F,0,C,NaN,0,0
1286,29,troy,auditory,146,11,10,5,C,0,F,NaN,0,0
1286,29,troy,auditory,147,10,10,1,A,0,X,NaN,0,0
1286,29,troy,auditory,147,10,10,2,C,0,A,NaN,0,0
1286,29,troy,auditory,147,10,10,3,D,0,C,NaN,0,0
1286,29,troy,auditory,147,10,10,4,F,0,D,NaN,0,0
1286,29,troy,auditory,147,10,10,5,C,0,F,NaN,0,0
1286,29,troy,auditory,148,13,10,1,A,1,X,2.49376558603491,0,0
1286,29,troy,auditory,148,13,10,2,D,1,A,2.49376558603491,1,1
1286,29,troy,auditory,148,13,10,3,F,1,D,0,0,0
1286,29,troy,auditory,148,13,10,4,C,1,F,2.49376558603491,1,1
1286,29,troy,auditory,148,13,10,5,G,1,C,0,0,0
1286,29,troy,auditory,149,3,10,1,A,1,X,4.98753117206983,2,0
1286,29,troy,auditory,149,3,10,2,C,1,A,0,0,-2
1286,29,troy,auditory,149,3,10,3,G,1,C,2.49376558603491,1,-1
1286,29,troy,auditory,149,3,10,4,F,1,G,0,0,-2
1286,29,troy,auditory,149,3,10,5,C,1,F,2.49376558603491,1,-1
1286,29,troy,auditory,150,12,10,1,A,1,X,0,0,0
1286,29,troy,auditory,150,12,10,2,F,1,A,2.49376558603491,1,1
1286,29,troy,auditory,150,12,10,3,C,1,F,0,0,0
1286,29,troy,auditory,150,12,10,4,G,1,C,2.49376558603491,1,1
1286,29,troy,auditory,150,12,10,5,C,1,G,0,0,0
1286,29,troy,auditory,151,5,10,1,A,1,X,2.49376558603491,1,0
1286,29,troy,auditory,151,5,10,2,C,1,A,4.98753117206983,2,1
1286,29,troy,auditory,151,5,10,3,F,1,C,2.49376558603491,1,0
1286,29,troy,auditory,151,5,10,4,C,1,F,0,0,-1
1286,29,troy,auditory,151,5,10,5,G,1,C,0,0,-1
1286,29,troy,auditory,152,4,10,1,A,1,X,0,0,0
1286,29,troy,auditory,152,4,10,2,D,1,A,9.97506234413965,4,4
1286,29,troy,auditory,152,4,10,3,C,1,D,0,0,0
1286,29,troy,auditory,152,4,10,4,G,1,C,0,0,0
1286,29,troy,auditory,152,4,10,5,F,1,G,0,0,0
1286,29,troy,auditory,153,8,10,1,A,1,X,0,0,0
1286,29,troy,auditory,153,8,10,2,D,1,A,0,0,0
1286,29,troy,auditory,153,8,10,3,C,1,D,0,0,0
1286,29,troy,auditory,153,8,10,4,G,1,C,0,0,0
1286,29,troy,auditory,153,8,10,5,F,1,G,0,0,0
1286,29,troy,auditory,154,2,10,1,A,1,X,2.49376558603491,1,0
1286,29,troy,auditory,154,2,10,2,D,1,A,4.98753117206983,2,1
1286,29,troy,auditory,154,2,10,3,C,1,D,0,0,-1
1286,29,troy,auditory,154,2,10,4,F,1,C,5.32352636271789,2,1
1286,29,troy,auditory,154,2,10,5,C,1,F,4.98753117206983,2,1
1286,29,troy,auditory,155,9,10,1,A,1,X,2.49376558603491,1,0
1286,29,troy,auditory,155,9,10,2,G,1,A,9.97506234413965,4,3
1286,29,troy,auditory,155,9,10,3,F,1,G,0,0,-1
1286,29,troy,auditory,155,9,10,4,C,1,F,0,0,-1
1286,29,troy,auditory,155,9,10,5,D,1,C,0,0,-1
1286,29,troy,auditory,156,6,10,1,A,1,X,0,0,0
1286,29,troy,auditory,156,6,10,2,D,1,A,2.49376558603491,1,1
1286,29,troy,auditory,156,6,10,3,C,1,D,4.98753117206983,2,2
1286,29,troy,auditory,156,6,10,4,F,1,C,0,0,0
1286,29,troy,auditory,156,6,10,5,C,1,F,0,0,0
1286,29,troy,auditory,157,1,10,1,A,1,X,0,0,0
1286,29,troy,auditory,157,1,10,2,C,1,A,2.49376558603491,1,1
1286,29,troy,auditory,157,1,10,3,F,1,C,0,0,0
1286,29,troy,auditory,157,1,10,4,C,1,F,0,0,0
1286,29,troy,auditory,157,1,10,5,G,1,C,0,0,0
1286,29,troy,auditory,158,16,10,1,A,1,X,0,0,0
1286,29,troy,auditory,158,16,10,2,D,1,A,2.49376558603491,1,1
1286,29,troy,auditory,158,16,10,3,C,1,D,0,0,0
1286,29,troy,auditory,158,16,10,4,G,1,C,6.73491648610869,3,3
1286,29,troy,auditory,158,16,10,5,C,1,G,2.49376558603491,1,1
1286,29,troy,auditory,159,14,10,1,A,1,X,2.49376558603491,1,0
1286,29,troy,auditory,159,14,10,2,D,1,A,2.49376558603491,1,0
1286,29,troy,auditory,159,14,10,3,G,1,D,2.49376558603491,1,0
1286,29,troy,auditory,159,14,10,4,F,1,G,0,0,-1
1286,29,troy,auditory,159,14,10,5,C,1,F,6.09196843727183,3,2
1286,29,troy,auditory,160,15,10,1,A,1,X,0,0,0
1286,29,troy,auditory,160,15,10,2,C,1,A,4.98753117206983,2,2
1286,29,troy,auditory,160,15,10,3,F,1,C,0,0,0
1286,29,troy,auditory,160,15,10,4,C,1,F,0,0,0
1286,29,troy,auditory,160,15,10,5,F,1,C,0,0,0
