neuron_i,session_i,monkey,area,trial,seq_idx,seq_rep_n,seq_pos,elem_id,rwd_trial,prev_elem,average_win_fr,average_win_spkCount,average_win_delta_spkCount
1145,26,troy,frontal,1,6,1,1,A,1,X,4.98753117206983,2,0
1145,26,troy,frontal,1,6,1,2,D,1,A,1.11275717683238,0,-2
1145,26,troy,frontal,1,6,1,3,C,1,D,0,0,-2
1145,26,troy,frontal,1,6,1,4,F,1,C,0,0,-2
1145,26,troy,frontal,1,6,1,5,C,1,F,2.49376558603491,1,-1
1145,26,troy,frontal,2,1,1,1,A,1,X,2.49376558603491,1,0
1145,26,troy,frontal,2,1,1,2,C,1,A,0,0,-1
1145,26,troy,frontal,2,1,1,3,F,1,C,0,0,-1
1145,26,troy,frontal,2,1,1,4,C,1,F,0,0,-1
1145,26,troy,frontal,2,1,1,5,G,1,C,2.49376558603491,1,0
1145,26,troy,frontal,3,14,1,1,A,1,X,4.74193564208851,2,0
1145,26,troy,frontal,3,14,1,2,D,1,A,2.82976077668298,1,-1
1145,26,troy,frontal,3,14,1,3,G,1,D,0,0,-2
1145,26,troy,frontal,3,14,1,4,F,1,G,0,0,-2
1145,26,troy,frontal,3,14,1,5,C,1,F,0,0,-2
1145,26,troy,frontal,4,12,1,1,A,0,X,2.49376558603491,1,0
1145,26,troy,frontal,4,12,1,2,F,0,A,0,0,-1
1145,26,troy,frontal,4,12,1,3,C,0,F,2.49376558603491,1,0
1145,26,troy,frontal,4,12,1,4,G,0,C,2.49376558603491,1,0
1145,26,troy,frontal,4,12,1,5,C,0,G,0,0,-1
1145,26,troy,frontal,5,10,1,1,A,1,X,0,0,0
1145,26,troy,frontal,5,10,1,2,C,1,A,0,0,0
1145,26,troy,frontal,5,10,1,3,D,1,C,0,0,0
1145,26,troy,frontal,5,10,1,4,F,1,D,4.98753117206983,2,2
1145,26,troy,frontal,5,10,1,5,C,1,F,2.49376558603491,1,1
1145,26,troy,frontal,6,11,1,1,A,1,X,0,0,0
1145,26,troy,frontal,6,11,1,2,G,1,A,7.48129675810474,3,3
1145,26,troy,frontal,6,11,1,3,C,1,G,0,0,0
1145,26,troy,frontal,6,11,1,4,F,1,C,0,0,0
1145,26,troy,frontal,6,11,1,5,C,1,F,2.49376558603491,1,1
1145,26,troy,frontal,7,8,1,1,A,1,X,0,0,0
1145,26,troy,frontal,7,8,1,2,D,1,A,7.48129675810474,3,3
1145,26,troy,frontal,7,8,1,3,C,1,D,0,0,0
1145,26,troy,frontal,7,8,1,4,G,1,C,0,0,0
1145,26,troy,frontal,7,8,1,5,F,1,G,2.49376558603491,1,1
1145,26,troy,frontal,8,9,1,1,A,1,X,0,0,0
1145,26,troy,frontal,8,9,1,2,G,1,A,0.984479770715146,0,0
1145,26,troy,frontal,8,9,1,3,F,1,G,0,0,0
1145,26,troy,frontal,8,9,1,4,C,1,F,0,0,0
1145,26,troy,frontal,8,9,1,5,D,1,C,2.49376558603491,1,1
1145,26,troy,frontal,9,5,1,1,A,1,X,0,0,0
1145,26,troy,frontal,9,5,1,2,C,1,A,0,0,0
1145,26,troy,frontal,9,5,1,3,F,1,C,0,0,0
1145,26,troy,frontal,9,5,1,4,C,1,F,2.49376558603491,1,1
1145,26,troy,frontal,9,5,1,5,G,1,C,0,0,0
1145,26,troy,frontal,10,7,1,1,A,0,X,NaN,0,0
1145,26,troy,frontal,10,7,1,2,C,0,A,NaN,0,0
1145,26,troy,frontal,10,7,1,3,G,0,C,NaN,0,0
1145,26,troy,frontal,10,7,1,4,F,0,G,NaN,0,0
1145,26,troy,frontal,10,7,1,5,C,0,F,NaN,0,0
1145,26,troy,frontal,11,3,1,1,A,1,X,0,0,0
1145,26,troy,frontal,11,3,1,2,C,1,A,2.49376558603491,1,1
1145,26,troy,frontal,11,3,1,3,G,1,C,0,0,0
1145,26,troy,frontal,11,3,1,4,F,1,G,0,0,0
1145,26,troy,frontal,11,3,1,5,C,1,F,0,0,0
1145,26,troy,frontal,12,13,1,1,A,1,X,0,0,0
1145,26,troy,frontal,12,13,1,2,D,1,A,0,0,0
1145,26,troy,frontal,12,13,1,3,F,1,D,0,0,0
1145,26,troy,frontal,12,13,1,4,C,1,F,0,0,0
1145,26,troy,frontal,12,13,1,5,G,1,C,0,0,0
1145,26,troy,frontal,13,15,1,1,A,1,X,0,0,0
1145,26,troy,frontal,13,15,1,2,C,1,A,0,0,0
1145,26,troy,frontal,13,15,1,3,F,1,C,0,0,0
1145,26,troy,frontal,13,15,1,4,C,1,F,0,0,0
1145,26,troy,frontal,13,15,1,5,F,1,C,0,0,0
1145,26,troy,frontal,14,2,1,1,A,1,X,0,0,0
1145,26,troy,frontal,14,2,1,2,D,1,A,0,0,0
1145,26,troy,frontal,14,2,1,3,C,1,D,2.49376558603491,1,1
1145,26,troy,frontal,14,2,1,4,F,1,C,2.49376558603491,1,1
1145,26,troy,frontal,14,2,1,5,C,1,F,0,0,0
1145,26,troy,frontal,15,4,1,1,A,1,X,0,0,0
1145,26,troy,frontal,15,4,1,2,D,1,A,0,0,0
1145,26,troy,frontal,15,4,1,3,C,1,D,0,0,0
1145,26,troy,frontal,15,4,1,4,G,1,C,0,0,0
1145,26,troy,frontal,15,4,1,5,F,1,G,0,0,0
1145,26,troy,frontal,16,16,1,1,A,1,X,0,0,0
1145,26,troy,frontal,16,16,1,2,D,1,A,0,0,0
1145,26,troy,frontal,16,16,1,3,C,1,D,0,0,0
1145,26,troy,frontal,16,16,1,4,G,1,C,0,0,0
1145,26,troy,frontal,16,16,1,5,C,1,G,0,0,0
1145,26,troy,frontal,17,4,2,1,A,1,X,0,0,0
1145,26,troy,frontal,17,4,2,2,D,1,A,0,0,0
1145,26,troy,frontal,17,4,2,3,C,1,D,0,0,0
1145,26,troy,frontal,17,4,2,4,G,1,C,0,0,0
1145,26,troy,frontal,17,4,2,5,F,1,G,0,0,0
1145,26,troy,frontal,18,6,2,1,A,0,X,0,0,0
1145,26,troy,frontal,18,6,2,2,D,0,A,2.49376558603491,1,1
1145,26,troy,frontal,18,6,2,3,C,0,D,12.4688279301746,5,5
1145,26,troy,frontal,18,6,2,4,F,0,C,0,0,0
1145,26,troy,frontal,18,6,2,5,C,0,F,0,0,0
1145,26,troy,frontal,19,14,2,1,A,0,X,1.38100840920253,1,0
1145,26,troy,frontal,19,14,2,2,D,0,A,2.49376558603491,1,0
1145,26,troy,frontal,19,14,2,3,G,0,D,0,0,-1
1145,26,troy,frontal,19,14,2,4,F,0,G,0,0,-1
1145,26,troy,frontal,19,14,2,5,C,0,F,0,0,-1
1145,26,troy,frontal,20,10,2,1,A,0,X,NaN,0,0
1145,26,troy,frontal,20,10,2,2,C,0,A,NaN,0,0
1145,26,troy,frontal,20,10,2,3,D,0,C,NaN,0,0
1145,26,troy,frontal,20,10,2,4,F,0,D,NaN,0,0
1145,26,troy,frontal,20,10,2,5,C,0,F,NaN,0,0
1145,26,troy,frontal,21,13,2,1,A,0,X,NaN,0,0
1145,26,troy,frontal,21,13,2,2,D,0,A,NaN,0,0
1145,26,troy,frontal,21,13,2,3,F,0,D,NaN,0,0
1145,26,troy,frontal,21,13,2,4,C,0,F,NaN,0,0
1145,26,troy,frontal,21,13,2,5,G,0,C,NaN,0,0
1145,26,troy,frontal,22,11,2,1,A,0,X,NaN,0,0
1145,26,troy,frontal,22,11,2,2,G,0,A,NaN,0,0
1145,26,troy,frontal,22,11,2,3,C,0,G,NaN,0,0
1145,26,troy,frontal,22,11,2,4,F,0,C,NaN,0,0
1145,26,troy,frontal,22,11,2,5,C,0,F,NaN,0,0
1145,26,troy,frontal,23,15,2,1,A,0,X,NaN,0,0
1145,26,troy,frontal,23,15,2,2,C,0,A,NaN,0,0
1145,26,troy,frontal,23,15,2,3,F,0,C,NaN,0,0
1145,26,troy,frontal,23,15,2,4,C,0,F,NaN,0,0
1145,26,troy,frontal,23,15,2,5,F,0,C,NaN,0,0
1145,26,troy,frontal,24,9,2,1,A,0,X,NaN,0,0
1145,26,troy,frontal,24,9,2,2,G,0,A,NaN,0,0
1145,26,troy,frontal,24,9,2,3,F,0,G,NaN,0,0
1145,26,troy,frontal,24,9,2,4,C,0,F,NaN,0,0
1145,26,troy,frontal,24,9,2,5,D,0,C,NaN,0,0
1145,26,troy,frontal,25,8,2,1,A,0,X,NaN,0,0
1145,26,troy,frontal,25,8,2,2,D,0,A,NaN,0,0
1145,26,troy,frontal,25,8,2,3,C,0,D,NaN,0,0
1145,26,troy,frontal,25,8,2,4,G,0,C,NaN,0,0
1145,26,troy,frontal,25,8,2,5,F,0,G,NaN,0,0
1145,26,troy,frontal,26,5,2,1,A,1,X,2.02813506158966,0,0
1145,26,troy,frontal,26,5,2,2,C,1,A,2.49376558603491,1,1
1145,26,troy,frontal,26,5,2,3,F,1,C,2.49376558603491,1,1
1145,26,troy,frontal,26,5,2,4,C,1,F,0,0,0
1145,26,troy,frontal,26,5,2,5,G,1,C,2.37174084088501,1,1
1145,26,troy,frontal,27,2,2,1,A,1,X,0,0,0
1145,26,troy,frontal,27,2,2,2,D,1,A,0,0,0
1145,26,troy,frontal,27,2,2,3,C,1,D,0,0,0
1145,26,troy,frontal,27,2,2,4,F,1,C,1.63131056046967,1,1
1145,26,troy,frontal,27,2,2,5,C,1,F,0,0,0
1145,26,troy,frontal,28,3,2,1,A,1,X,4.98753117206983,2,0
1145,26,troy,frontal,28,3,2,2,C,1,A,0,0,-2
1145,26,troy,frontal,28,3,2,3,G,1,C,2.49376558603491,1,-1
1145,26,troy,frontal,28,3,2,4,F,1,G,0,0,-2
1145,26,troy,frontal,28,3,2,5,C,1,F,0,0,-2
1145,26,troy,frontal,29,7,2,1,A,1,X,2.49376558603491,1,0
1145,26,troy,frontal,29,7,2,2,C,1,A,0,0,-1
1145,26,troy,frontal,29,7,2,3,G,1,C,0,0,-1
1145,26,troy,frontal,29,7,2,4,F,1,G,0,0,-1
1145,26,troy,frontal,29,7,2,5,C,1,F,0,0,-1
1145,26,troy,frontal,30,1,2,1,A,1,X,0.635623158713574,1,0
1145,26,troy,frontal,30,1,2,2,C,1,A,2.49376558603491,1,0
1145,26,troy,frontal,30,1,2,3,F,1,C,0,0,-1
1145,26,troy,frontal,30,1,2,4,C,1,F,0,0,-1
1145,26,troy,frontal,30,1,2,5,G,1,C,0,0,-1
1145,26,troy,frontal,31,12,2,1,A,1,X,2.49376558603491,1,0
1145,26,troy,frontal,31,12,2,2,F,1,A,0,0,-1
1145,26,troy,frontal,31,12,2,3,C,1,F,0,0,-1
1145,26,troy,frontal,31,12,2,4,G,1,C,0,0,-1
1145,26,troy,frontal,31,12,2,5,C,1,G,0,0,-1
1145,26,troy,frontal,32,16,2,1,A,1,X,1.38932832083291,0,0
1145,26,troy,frontal,32,16,2,2,D,1,A,0,0,0
1145,26,troy,frontal,32,16,2,3,C,1,D,0,0,0
1145,26,troy,frontal,32,16,2,4,G,1,C,0,0,0
1145,26,troy,frontal,32,16,2,5,C,1,G,0,0,0
1145,26,troy,frontal,33,8,3,1,A,1,X,0,0,0
1145,26,troy,frontal,33,8,3,2,D,1,A,0,0,0
1145,26,troy,frontal,33,8,3,3,C,1,D,0,0,0
1145,26,troy,frontal,33,8,3,4,G,1,C,0,0,0
1145,26,troy,frontal,33,8,3,5,F,1,G,0,0,0
1145,26,troy,frontal,34,16,3,1,A,1,X,0,0,0
1145,26,troy,frontal,34,16,3,2,D,1,A,0,0,0
1145,26,troy,frontal,34,16,3,3,C,1,D,2.49376558603491,1,1
1145,26,troy,frontal,34,16,3,4,G,1,C,2.49376558603491,1,1
1145,26,troy,frontal,34,16,3,5,C,1,G,2.49376558603491,1,1
1145,26,troy,frontal,35,13,3,1,A,1,X,0,0,0
1145,26,troy,frontal,35,13,3,2,D,1,A,2.49376558603491,1,1
1145,26,troy,frontal,35,13,3,3,F,1,D,2.49376558603491,1,1
1145,26,troy,frontal,35,13,3,4,C,1,F,2.49376558603491,1,1
1145,26,troy,frontal,35,13,3,5,G,1,C,3.12973170815767,1,1
1145,26,troy,frontal,36,5,3,1,A,1,X,0,0,0
1145,26,troy,frontal,36,5,3,2,C,1,A,2.49376558603491,1,1
1145,26,troy,frontal,36,5,3,3,F,1,C,4.98753117206983,2,2
1145,26,troy,frontal,36,5,3,4,C,1,F,0,0,0
1145,26,troy,frontal,36,5,3,5,G,1,C,0,0,0
1145,26,troy,frontal,37,10,3,1,A,1,X,0,0,0
1145,26,troy,frontal,37,10,3,2,C,1,A,0,0,0
1145,26,troy,frontal,37,10,3,3,D,1,C,0,0,0
1145,26,troy,frontal,37,10,3,4,F,1,D,4.98753117206983,2,2
1145,26,troy,frontal,37,10,3,5,C,1,F,0,0,0
1145,26,troy,frontal,38,3,3,1,A,1,X,0,0,0
1145,26,troy,frontal,38,3,3,2,C,1,A,0,0,0
1145,26,troy,frontal,38,3,3,3,G,1,C,2.06273585176605,1,1
1145,26,troy,frontal,38,3,3,4,F,1,G,2.49376558603491,1,1
1145,26,troy,frontal,38,3,3,5,C,1,F,0,0,0
1145,26,troy,frontal,39,14,3,1,A,1,X,0,0,0
1145,26,troy,frontal,39,14,3,2,D,1,A,0,0,0
1145,26,troy,frontal,39,14,3,3,G,1,D,0,0,0
1145,26,troy,frontal,39,14,3,4,F,1,G,0,0,0
1145,26,troy,frontal,39,14,3,5,C,1,F,0,0,0
1145,26,troy,frontal,40,15,3,1,A,1,X,0,0,0
1145,26,troy,frontal,40,15,3,2,C,1,A,0,0,0
1145,26,troy,frontal,40,15,3,3,F,1,C,4.98753117206983,2,2
1145,26,troy,frontal,40,15,3,4,C,1,F,2.49376558603491,1,1
1145,26,troy,frontal,40,15,3,5,F,1,C,2.49376558603491,1,1
1145,26,troy,frontal,41,2,3,1,A,1,X,9.97506234413965,4,0
1145,26,troy,frontal,41,2,3,2,D,1,A,7.48129675810474,3,-1
1145,26,troy,frontal,41,2,3,3,C,1,D,0,0,-4
1145,26,troy,frontal,41,2,3,4,F,1,C,2.49376558603491,1,-3
1145,26,troy,frontal,41,2,3,5,C,1,F,4.98753117206983,2,-2
1145,26,troy,frontal,42,7,3,1,A,1,X,2.49376558603491,1,0
1145,26,troy,frontal,42,7,3,2,C,1,A,2.49376558603491,1,0
1145,26,troy,frontal,42,7,3,3,G,1,C,2.49376558603491,1,0
1145,26,troy,frontal,42,7,3,4,F,1,G,2.49376558603491,1,0
1145,26,troy,frontal,42,7,3,5,C,1,F,2.49376558603491,1,0
1145,26,troy,frontal,43,11,3,1,A,1,X,0,0,0
1145,26,troy,frontal,43,11,3,2,G,1,A,0,0,0
1145,26,troy,frontal,43,11,3,3,C,1,G,0,0,0
1145,26,troy,frontal,43,11,3,4,F,1,C,0,0,0
1145,26,troy,frontal,43,11,3,5,C,1,F,0,0,0
1145,26,troy,frontal,44,1,3,1,A,1,X,0,0,0
1145,26,troy,frontal,44,1,3,2,C,1,A,2.49376558603491,1,1
1145,26,troy,frontal,44,1,3,3,F,1,C,2.49376558603491,1,1
1145,26,troy,frontal,44,1,3,4,C,1,F,0,0,0
1145,26,troy,frontal,44,1,3,5,G,1,C,0,0,0
1145,26,troy,frontal,45,12,3,1,A,1,X,0,0,0
1145,26,troy,frontal,45,12,3,2,F,1,A,2.49376558603491,1,1
1145,26,troy,frontal,45,12,3,3,C,1,F,0,0,0
1145,26,troy,frontal,45,12,3,4,G,1,C,0,0,0
1145,26,troy,frontal,45,12,3,5,C,1,G,0,0,0
1145,26,troy,frontal,46,9,3,1,A,1,X,0,0,0
1145,26,troy,frontal,46,9,3,2,G,1,A,2.49376558603491,1,1
1145,26,troy,frontal,46,9,3,3,F,1,G,0,0,0
1145,26,troy,frontal,46,9,3,4,C,1,F,0,0,0
1145,26,troy,frontal,46,9,3,5,D,1,C,0,0,0
1145,26,troy,frontal,47,6,3,1,A,1,X,2.49376558603491,1,0
1145,26,troy,frontal,47,6,3,2,D,1,A,0,0,-1
1145,26,troy,frontal,47,6,3,3,C,1,D,0,0,-1
1145,26,troy,frontal,47,6,3,4,F,1,C,2.49376558603491,1,0
1145,26,troy,frontal,47,6,3,5,C,1,F,0,0,-1
1145,26,troy,frontal,48,4,3,1,A,1,X,4.98753117206983,2,0
1145,26,troy,frontal,48,4,3,2,D,1,A,4.98753117206982,2,0
1145,26,troy,frontal,48,4,3,3,C,1,D,0,0,-2
1145,26,troy,frontal,48,4,3,4,G,1,C,0,0,-2
1145,26,troy,frontal,48,4,3,5,F,1,G,0,0,-2
1145,26,troy,frontal,49,3,4,1,A,1,X,0,0,0
1145,26,troy,frontal,49,3,4,2,C,1,A,2.49376558603491,1,1
1145,26,troy,frontal,49,3,4,3,G,1,C,0,0,0
1145,26,troy,frontal,49,3,4,4,F,1,G,0,0,0
1145,26,troy,frontal,49,3,4,5,C,1,F,0,0,0
1145,26,troy,frontal,50,10,4,1,A,1,X,2.49376558603491,1,0
1145,26,troy,frontal,50,10,4,2,C,1,A,2.49376558603491,1,0
1145,26,troy,frontal,50,10,4,3,D,1,C,2.49376558603491,1,0
1145,26,troy,frontal,50,10,4,4,F,1,D,4.74193564208851,2,1
1145,26,troy,frontal,50,10,4,5,C,1,F,0,0,-1
1145,26,troy,frontal,51,1,4,1,A,1,X,2.49376558603491,1,0
1145,26,troy,frontal,51,1,4,2,C,1,A,2.49376558603491,1,0
1145,26,troy,frontal,51,1,4,3,F,1,C,4.98753117206983,2,1
1145,26,troy,frontal,51,1,4,4,C,1,F,7.48129675810474,3,2
1145,26,troy,frontal,51,1,4,5,G,1,C,2.49376558603491,1,0
1145,26,troy,frontal,52,7,4,1,A,1,X,0,0,0
1145,26,troy,frontal,52,7,4,2,C,1,A,2.49376558603491,1,1
1145,26,troy,frontal,52,7,4,3,G,1,C,2.49376558603491,1,1
1145,26,troy,frontal,52,7,4,4,F,1,G,0,0,0
1145,26,troy,frontal,52,7,4,5,C,1,F,2.49376558603491,1,1
1145,26,troy,frontal,53,15,4,1,A,1,X,1.69453336665934,0,0
1145,26,troy,frontal,53,15,4,2,C,1,A,2.49376558603491,1,1
1145,26,troy,frontal,53,15,4,3,F,1,C,9.11260731857441,4,4
1145,26,troy,frontal,53,15,4,4,C,1,F,0,0,0
1145,26,troy,frontal,53,15,4,5,F,1,C,2.49376558603491,1,1
1145,26,troy,frontal,54,2,4,1,A,1,X,0.635966122122762,0,0
1145,26,troy,frontal,54,2,4,2,D,1,A,2.49376558603491,1,1
1145,26,troy,frontal,54,2,4,3,C,1,D,7.48129675810474,3,3
1145,26,troy,frontal,54,2,4,4,F,1,C,0,0,0
1145,26,troy,frontal,54,2,4,5,C,1,F,0,0,0
1145,26,troy,frontal,55,12,4,1,A,1,X,0,0,0
1145,26,troy,frontal,55,12,4,2,F,1,A,0.0778077120628084,0,0
1145,26,troy,frontal,55,12,4,3,C,1,F,0,0,0
1145,26,troy,frontal,55,12,4,4,G,1,C,0.245595529981313,0,0
1145,26,troy,frontal,55,12,4,5,C,1,G,2.49376558603491,1,1
1145,26,troy,frontal,56,4,4,1,A,1,X,0,0,0
1145,26,troy,frontal,56,4,4,2,D,1,A,0,0,0
1145,26,troy,frontal,56,4,4,3,C,1,D,0,0,0
1145,26,troy,frontal,56,4,4,4,G,1,C,4.98753117206983,2,2
1145,26,troy,frontal,56,4,4,5,F,1,G,0,0,0
1145,26,troy,frontal,57,14,4,1,A,1,X,0,0,0
1145,26,troy,frontal,57,14,4,2,D,1,A,0,0,0
1145,26,troy,frontal,57,14,4,3,G,1,D,0,0,0
1145,26,troy,frontal,57,14,4,4,F,1,G,0,0,0
1145,26,troy,frontal,57,14,4,5,C,1,F,0,0,0
1145,26,troy,frontal,58,5,4,1,A,1,X,2.49376558603491,1,0
1145,26,troy,frontal,58,5,4,2,C,1,A,2.49376558603491,1,0
1145,26,troy,frontal,58,5,4,3,F,1,C,0,0,-1
1145,26,troy,frontal,58,5,4,4,C,1,F,0,0,-1
1145,26,troy,frontal,58,5,4,5,G,1,C,0,0,-1
1145,26,troy,frontal,59,8,4,1,A,1,X,2.49376558603491,1,0
1145,26,troy,frontal,59,8,4,2,D,1,A,0,0,-1
1145,26,troy,frontal,59,8,4,3,C,1,D,0,0,-1
1145,26,troy,frontal,59,8,4,4,G,1,C,0,0,-1
1145,26,troy,frontal,59,8,4,5,F,1,G,4.82792646152993,2,1
1145,26,troy,frontal,60,13,4,1,A,1,X,2.49376558603491,1,0
1145,26,troy,frontal,60,13,4,2,D,1,A,0,0,-1
1145,26,troy,frontal,60,13,4,3,F,1,D,0,0,-1
1145,26,troy,frontal,60,13,4,4,C,1,F,0,0,-1
1145,26,troy,frontal,60,13,4,5,G,1,C,0,0,-1
1145,26,troy,frontal,61,11,4,1,A,1,X,2.49376558603491,1,0
1145,26,troy,frontal,61,11,4,2,G,1,A,0,0,-1
1145,26,troy,frontal,61,11,4,3,C,1,G,2.49376558603491,1,0
1145,26,troy,frontal,61,11,4,4,F,1,C,0,0,-1
1145,26,troy,frontal,61,11,4,5,C,1,F,0,0,-1
1145,26,troy,frontal,62,16,4,1,A,1,X,2.49376558603491,1,0
1145,26,troy,frontal,62,16,4,2,D,1,A,0,0,-1
1145,26,troy,frontal,62,16,4,3,C,1,D,0,0,-1
1145,26,troy,frontal,62,16,4,4,G,1,C,2.49376558603491,1,0
1145,26,troy,frontal,62,16,4,5,C,1,G,4.98753117206982,2,1
1145,26,troy,frontal,63,9,4,1,A,1,X,2.49376558603491,1,0
1145,26,troy,frontal,63,9,4,2,G,1,A,2.49376558603491,1,0
1145,26,troy,frontal,63,9,4,3,F,1,G,0,0,-1
1145,26,troy,frontal,63,9,4,4,C,1,F,0,0,-1
1145,26,troy,frontal,63,9,4,5,D,1,C,2.49376558603491,1,0
1145,26,troy,frontal,64,6,4,1,A,1,X,0,0,0
1145,26,troy,frontal,64,6,4,2,D,1,A,0,0,0
1145,26,troy,frontal,64,6,4,3,C,1,D,2.49376558603491,1,1
1145,26,troy,frontal,64,6,4,4,F,1,C,0,0,0
1145,26,troy,frontal,64,6,4,5,C,1,F,0.799232219375569,1,1
1145,26,troy,frontal,65,3,5,1,A,1,X,2.49376558603491,1,0
1145,26,troy,frontal,65,3,5,2,C,1,A,0,0,-1
1145,26,troy,frontal,65,3,5,3,G,1,C,2.49376558603491,1,0
1145,26,troy,frontal,65,3,5,4,F,1,G,0,0,-1
1145,26,troy,frontal,65,3,5,5,C,1,F,0,0,-1
1145,26,troy,frontal,66,16,5,1,A,1,X,0,0,0
1145,26,troy,frontal,66,16,5,2,D,1,A,0,0,0
1145,26,troy,frontal,66,16,5,3,C,1,D,0,0,0
1145,26,troy,frontal,66,16,5,4,G,1,C,4.98753117206982,2,2
1145,26,troy,frontal,66,16,5,5,C,1,G,2.49376558603491,1,1
1145,26,troy,frontal,67,11,5,1,A,1,X,0,0,0
1145,26,troy,frontal,67,11,5,2,G,1,A,0,0,0
1145,26,troy,frontal,67,11,5,3,C,1,G,0,0,0
1145,26,troy,frontal,67,11,5,4,F,1,C,2.49376558603491,1,1
1145,26,troy,frontal,67,11,5,5,C,1,F,0,0,0
1145,26,troy,frontal,68,6,5,1,A,1,X,0,0,0
1145,26,troy,frontal,68,6,5,2,D,1,A,0,0,0
1145,26,troy,frontal,68,6,5,3,C,1,D,2.49376558603491,1,1
1145,26,troy,frontal,68,6,5,4,F,1,C,4.98753117206983,2,2
1145,26,troy,frontal,68,6,5,5,C,1,F,2.73936111601623,1,1
1145,26,troy,frontal,69,8,5,1,A,1,X,0,0,0
1145,26,troy,frontal,69,8,5,2,D,1,A,0,0,0
1145,26,troy,frontal,69,8,5,3,C,1,D,7.48129675810474,3,3
1145,26,troy,frontal,69,8,5,4,G,1,C,0,0,0
1145,26,troy,frontal,69,8,5,5,F,1,G,2.49376558603491,1,1
1145,26,troy,frontal,70,14,5,1,A,1,X,0,0,0
1145,26,troy,frontal,70,14,5,2,D,1,A,0,0,0
1145,26,troy,frontal,70,14,5,3,G,1,D,0,0,0
1145,26,troy,frontal,70,14,5,4,F,1,G,4.98753117206983,2,2
1145,26,troy,frontal,70,14,5,5,C,1,F,0,0,0
1145,26,troy,frontal,71,15,5,1,A,1,X,0,0,0
1145,26,troy,frontal,71,15,5,2,C,1,A,0,0,0
1145,26,troy,frontal,71,15,5,3,F,1,C,2.49376558603491,1,1
1145,26,troy,frontal,71,15,5,4,C,1,F,0,0,0
1145,26,troy,frontal,71,15,5,5,F,1,C,0,0,0
1145,26,troy,frontal,72,12,5,1,A,1,X,2.49376558603491,1,0
1145,26,troy,frontal,72,12,5,2,F,1,A,0,0,-1
1145,26,troy,frontal,72,12,5,3,C,1,F,0,0,-1
1145,26,troy,frontal,72,12,5,4,G,1,C,0,0,-1
1145,26,troy,frontal,72,12,5,5,C,1,G,0,0,-1
1145,26,troy,frontal,73,2,5,1,A,1,X,4.98753117206983,2,0
1145,26,troy,frontal,73,2,5,2,D,1,A,2.49376558603491,1,-1
1145,26,troy,frontal,73,2,5,3,C,1,D,2.49376558603491,1,-1
1145,26,troy,frontal,73,2,5,4,F,1,C,2.49376558603491,1,-1
1145,26,troy,frontal,73,2,5,5,C,1,F,0,0,-2
1145,26,troy,frontal,74,9,5,1,A,1,X,0,0,0
1145,26,troy,frontal,74,9,5,2,G,1,A,0,0,0
1145,26,troy,frontal,74,9,5,3,F,1,G,0,0,0
1145,26,troy,frontal,74,9,5,4,C,1,F,0,0,0
1145,26,troy,frontal,74,9,5,5,D,1,C,0,0,0
1145,26,troy,frontal,75,10,5,1,A,1,X,0,0,0
1145,26,troy,frontal,75,10,5,2,C,1,A,0,0,0
1145,26,troy,frontal,75,10,5,3,D,1,C,0,0,0
1145,26,troy,frontal,75,10,5,4,F,1,D,0,0,0
1145,26,troy,frontal,75,10,5,5,C,1,F,2.95939611048016,2,2
1145,26,troy,frontal,76,1,5,1,A,1,X,0,0,0
1145,26,troy,frontal,76,1,5,2,C,1,A,0,0,0
1145,26,troy,frontal,76,1,5,3,F,1,C,2.49376558603491,1,1
1145,26,troy,frontal,76,1,5,4,C,1,F,0,0,0
1145,26,troy,frontal,76,1,5,5,G,1,C,0,0,0
1145,26,troy,frontal,77,5,5,1,A,1,X,2.49376558603491,1,0
1145,26,troy,frontal,77,5,5,2,C,1,A,4.98753117206983,2,1
1145,26,troy,frontal,77,5,5,3,F,1,C,0,0,-1
1145,26,troy,frontal,77,5,5,4,C,1,F,2.49376558603491,1,0
1145,26,troy,frontal,77,5,5,5,G,1,C,0,0,-1
1145,26,troy,frontal,78,4,5,1,A,1,X,0,0,0
1145,26,troy,frontal,78,4,5,2,D,1,A,0,0,0
1145,26,troy,frontal,78,4,5,3,C,1,D,0,0,0
1145,26,troy,frontal,78,4,5,4,G,1,C,0,0,0
1145,26,troy,frontal,78,4,5,5,F,1,G,4.98753117206983,2,2
1145,26,troy,frontal,79,13,5,1,A,1,X,0,0,0
1145,26,troy,frontal,79,13,5,2,D,1,A,0,0,0
1145,26,troy,frontal,79,13,5,3,F,1,D,4.98753117206983,2,2
1145,26,troy,frontal,79,13,5,4,C,1,F,0,0,0
1145,26,troy,frontal,79,13,5,5,G,1,C,0,0,0
1145,26,troy,frontal,80,7,5,1,A,1,X,0,0,0
1145,26,troy,frontal,80,7,5,2,C,1,A,2.49376558603491,1,1
1145,26,troy,frontal,80,7,5,3,G,1,C,0,0,0
1145,26,troy,frontal,80,7,5,4,F,1,G,0,0,0
1145,26,troy,frontal,80,7,5,5,C,1,F,4.98753117206983,2,2
1145,26,troy,frontal,81,1,6,1,A,1,X,0,0,0
1145,26,troy,frontal,81,1,6,2,C,1,A,2.49376558603491,1,1
1145,26,troy,frontal,81,1,6,3,F,1,C,0,0,0
1145,26,troy,frontal,81,1,6,4,C,1,F,0,0,0
1145,26,troy,frontal,81,1,6,5,G,1,C,0,0,0
1145,26,troy,frontal,82,6,6,1,A,1,X,7.48129675810474,3,0
1145,26,troy,frontal,82,6,6,2,D,1,A,5.1147063398148,3,0
1145,26,troy,frontal,82,6,6,3,C,1,D,0,0,-3
1145,26,troy,frontal,82,6,6,4,F,1,C,0,0,-3
1145,26,troy,frontal,82,6,6,5,C,1,F,0,0,-3
1145,26,troy,frontal,83,10,6,1,A,1,X,0,0,0
1145,26,troy,frontal,83,10,6,2,C,1,A,0,0,0
1145,26,troy,frontal,83,10,6,3,D,1,C,2.49376558603491,1,1
1145,26,troy,frontal,83,10,6,4,F,1,D,0,0,0
1145,26,troy,frontal,83,10,6,5,C,1,F,0,0,0
1145,26,troy,frontal,84,5,6,1,A,1,X,0,0,0
1145,26,troy,frontal,84,5,6,2,C,1,A,2.49376558603491,1,1
1145,26,troy,frontal,84,5,6,3,F,1,C,0,0,0
1145,26,troy,frontal,84,5,6,4,C,1,F,0,0,0
1145,26,troy,frontal,84,5,6,5,G,1,C,0,0,0
1145,26,troy,frontal,85,12,6,1,A,0,X,4.98753117206983,2,0
1145,26,troy,frontal,85,12,6,2,F,0,A,2.49376558603491,1,-1
1145,26,troy,frontal,85,12,6,3,C,0,F,7.64090146864463,3,1
1145,26,troy,frontal,85,12,6,4,G,0,C,0,0,-2
1145,26,troy,frontal,85,12,6,5,C,0,G,2.92479532030377,1,-1
1145,26,troy,frontal,86,14,6,1,A,1,X,1.85779946391215,1,0
1145,26,troy,frontal,86,14,6,2,D,1,A,0,0,-1
1145,26,troy,frontal,86,14,6,3,G,1,D,0,0,-1
1145,26,troy,frontal,86,14,6,4,F,1,G,0,0,-1
1145,26,troy,frontal,86,14,6,5,C,1,F,2.49376558603491,1,0
1145,26,troy,frontal,87,2,6,1,A,1,X,0,0,0
1145,26,troy,frontal,87,2,6,2,D,1,A,2.49376558603491,1,1
1145,26,troy,frontal,87,2,6,3,C,1,D,0,0,0
1145,26,troy,frontal,87,2,6,4,F,1,C,0,0,0
1145,26,troy,frontal,87,2,6,5,C,1,F,0,0,0
1145,26,troy,frontal,88,4,6,1,A,1,X,0,0,0
1145,26,troy,frontal,88,4,6,2,D,1,A,2.49376558603491,1,1
1145,26,troy,frontal,88,4,6,3,C,1,D,0,0,0
1145,26,troy,frontal,88,4,6,4,G,1,C,0,0,0
1145,26,troy,frontal,88,4,6,5,F,1,G,7.48129675810474,3,3
1145,26,troy,frontal,89,11,6,1,A,1,X,2.49376558603491,1,0
1145,26,troy,frontal,89,11,6,2,G,1,A,0,0,-1
1145,26,troy,frontal,89,11,6,3,C,1,G,0,0,-1
1145,26,troy,frontal,89,11,6,4,F,1,C,2.49376558603491,1,0
1145,26,troy,frontal,89,11,6,5,C,1,F,2.49376558603491,1,0
1145,26,troy,frontal,90,15,6,1,A,0,X,NaN,0,0
1145,26,troy,frontal,90,15,6,2,C,0,A,NaN,0,0
1145,26,troy,frontal,90,15,6,3,F,0,C,NaN,0,0
1145,26,troy,frontal,90,15,6,4,C,0,F,NaN,0,0
1145,26,troy,frontal,90,15,6,5,F,0,C,NaN,0,0
1145,26,troy,frontal,91,13,6,1,A,1,X,2.49376558603491,1,0
1145,26,troy,frontal,91,13,6,2,D,1,A,2.49376558603491,1,0
1145,26,troy,frontal,91,13,6,3,F,1,D,0,0,-1
1145,26,troy,frontal,91,13,6,4,C,1,F,0,0,-1
1145,26,troy,frontal,91,13,6,5,G,1,C,0,0,-1
1145,26,troy,frontal,92,16,6,1,A,1,X,0,0,0
1145,26,troy,frontal,92,16,6,2,D,1,A,0,0,0
1145,26,troy,frontal,92,16,6,3,C,1,D,2.49376558603491,1,1
1145,26,troy,frontal,92,16,6,4,G,1,C,0,0,0
1145,26,troy,frontal,92,16,6,5,C,1,G,4.98753117206983,2,2
1145,26,troy,frontal,93,8,6,1,A,1,X,0,0,0
1145,26,troy,frontal,93,8,6,2,D,1,A,0,0,0
1145,26,troy,frontal,93,8,6,3,C,1,D,0,0,0
1145,26,troy,frontal,93,8,6,4,G,1,C,0,0,0
1145,26,troy,frontal,93,8,6,5,F,1,G,0,0,0
1145,26,troy,frontal,94,7,6,1,A,1,X,0,0,0
1145,26,troy,frontal,94,7,6,2,C,1,A,0,0,0
1145,26,troy,frontal,94,7,6,3,G,1,C,0,0,0
1145,26,troy,frontal,94,7,6,4,F,1,G,0,0,0
1145,26,troy,frontal,94,7,6,5,C,1,F,2.49376558603491,1,1
1145,26,troy,frontal,95,9,6,1,A,1,X,2.49376558603491,1,0
1145,26,troy,frontal,95,9,6,2,G,1,A,2.49376558603491,1,0
1145,26,troy,frontal,95,9,6,3,F,1,G,0.862455025565239,0,-1
1145,26,troy,frontal,95,9,6,4,C,1,F,0,0,-1
1145,26,troy,frontal,95,9,6,5,D,1,C,0,0,-1
1145,26,troy,frontal,96,3,6,1,A,1,X,0,0,0
1145,26,troy,frontal,96,3,6,2,C,1,A,0,0,0
1145,26,troy,frontal,96,3,6,3,G,1,C,0,0,0
1145,26,troy,frontal,96,3,6,4,F,1,G,7.48129675810474,3,3
1145,26,troy,frontal,96,3,6,5,C,1,F,0,0,0
1145,26,troy,frontal,97,5,7,1,A,1,X,0,0,0
1145,26,troy,frontal,97,5,7,2,C,1,A,0,0,0
1145,26,troy,frontal,97,5,7,3,F,1,C,0,0,0
1145,26,troy,frontal,97,5,7,4,C,1,F,0,0,0
1145,26,troy,frontal,97,5,7,5,G,1,C,2.49376558603491,1,1
1145,26,troy,frontal,98,16,7,1,A,1,X,2.49376558603491,1,0
1145,26,troy,frontal,98,16,7,2,D,1,A,0,0,-1
1145,26,troy,frontal,98,16,7,3,C,1,D,9.97506234413965,4,3
1145,26,troy,frontal,98,16,7,4,G,1,C,0,0,-1
1145,26,troy,frontal,98,16,7,5,C,1,G,0,0,-1
1145,26,troy,frontal,99,12,7,1,A,1,X,2.49376558603491,1,0
1145,26,troy,frontal,99,12,7,2,F,1,A,0,0,-1
1145,26,troy,frontal,99,12,7,3,C,1,F,2.49376558603491,1,0
1145,26,troy,frontal,99,12,7,4,G,1,C,2.49376558603491,1,0
1145,26,troy,frontal,99,12,7,5,C,1,G,2.49376558603491,1,0
1145,26,troy,frontal,100,15,7,1,A,1,X,0,0,0
1145,26,troy,frontal,100,15,7,2,C,1,A,2.49376558603491,1,1
1145,26,troy,frontal,100,15,7,3,F,1,C,2.49376558603491,1,1
1145,26,troy,frontal,100,15,7,4,C,1,F,2.49376558603491,1,1
1145,26,troy,frontal,100,15,7,5,F,1,C,2.49376558603491,1,1
1145,26,troy,frontal,101,9,7,1,A,1,X,0,0,0
1145,26,troy,frontal,101,9,7,2,G,1,A,2.49376558603491,1,1
1145,26,troy,frontal,101,9,7,3,F,1,G,0,0,0
1145,26,troy,frontal,101,9,7,4,C,1,F,0,0,0
1145,26,troy,frontal,101,9,7,5,D,1,C,2.49376558603491,1,1
1145,26,troy,frontal,102,8,7,1,A,1,X,0,0,0
1145,26,troy,frontal,102,8,7,2,D,1,A,0,0,0
1145,26,troy,frontal,102,8,7,3,C,1,D,0,0,0
1145,26,troy,frontal,102,8,7,4,G,1,C,0.984479770715146,0,0
1145,26,troy,frontal,102,8,7,5,F,1,G,2.49376558603491,1,1
1145,26,troy,frontal,103,7,7,1,A,1,X,0,0,0
1145,26,troy,frontal,103,7,7,2,C,1,A,0,0,0
1145,26,troy,frontal,103,7,7,3,G,1,C,0,0,0
1145,26,troy,frontal,103,7,7,4,F,1,G,4.98753117206983,2,2
1145,26,troy,frontal,103,7,7,5,C,1,F,2.49376558603491,1,1
1145,26,troy,frontal,104,13,7,1,A,1,X,0,0,0
1145,26,troy,frontal,104,13,7,2,D,1,A,0,0,0
1145,26,troy,frontal,104,13,7,3,F,1,D,0,0,0
1145,26,troy,frontal,104,13,7,4,C,1,F,0,0,0
1145,26,troy,frontal,104,13,7,5,G,1,C,0,0,0
1145,26,troy,frontal,105,4,7,1,A,1,X,2.49376558603491,1,0
1145,26,troy,frontal,105,4,7,2,D,1,A,2.49376558603491,1,0
1145,26,troy,frontal,105,4,7,3,C,1,D,2.49376558603491,1,0
1145,26,troy,frontal,105,4,7,4,G,1,C,0,0,-1
1145,26,troy,frontal,105,4,7,5,F,1,G,2.49376558603491,1,0
1145,26,troy,frontal,106,11,7,1,A,1,X,0,0,0
1145,26,troy,frontal,106,11,7,2,G,1,A,0,0,0
1145,26,troy,frontal,106,11,7,3,C,1,G,2.49376558603491,1,1
1145,26,troy,frontal,106,11,7,4,F,1,C,2.49376558603491,1,1
1145,26,troy,frontal,106,11,7,5,C,1,F,7.48129675810474,3,3
1145,26,troy,frontal,107,2,7,1,A,1,X,2.49376558603491,1,0
1145,26,troy,frontal,107,2,7,2,D,1,A,0,0,-1
1145,26,troy,frontal,107,2,7,3,C,1,D,0,0,-1
1145,26,troy,frontal,107,2,7,4,F,1,C,0,0,-1
1145,26,troy,frontal,107,2,7,5,C,1,F,2.49376558603491,1,0
1145,26,troy,frontal,108,3,7,1,A,1,X,0,0,0
1145,26,troy,frontal,108,3,7,2,C,1,A,4.98753117206982,2,2
1145,26,troy,frontal,108,3,7,3,G,1,C,2.49376558603491,1,1
1145,26,troy,frontal,108,3,7,4,F,1,G,0,0,0
1145,26,troy,frontal,108,3,7,5,C,1,F,0,0,0
1145,26,troy,frontal,109,10,7,1,A,1,X,0,0,0
1145,26,troy,frontal,109,10,7,2,C,1,A,0,0,0
1145,26,troy,frontal,109,10,7,3,D,1,C,0,0,0
1145,26,troy,frontal,109,10,7,4,F,1,D,4.12507614650459,2,2
1145,26,troy,frontal,109,10,7,5,C,1,F,4.98753117206983,2,2
1145,26,troy,frontal,110,6,7,1,A,1,X,0,0,0
1145,26,troy,frontal,110,6,7,2,D,1,A,5.12237498099205,2,2
1145,26,troy,frontal,110,6,7,3,C,1,D,4.98753117206982,2,2
1145,26,troy,frontal,110,6,7,4,F,1,C,2.49376558603491,1,1
1145,26,troy,frontal,110,6,7,5,C,1,F,0,0,0
1145,26,troy,frontal,111,14,7,1,A,1,X,4.98753117206983,2,0
1145,26,troy,frontal,111,14,7,2,D,1,A,0,0,-2
1145,26,troy,frontal,111,14,7,3,G,1,D,0,0,-2
1145,26,troy,frontal,111,14,7,4,F,1,G,0,0,-2
1145,26,troy,frontal,111,14,7,5,C,1,F,0,0,-2
1145,26,troy,frontal,112,1,7,1,A,1,X,2.49376558603491,1,0
1145,26,troy,frontal,112,1,7,2,C,1,A,2.49376558603491,1,0
1145,26,troy,frontal,112,1,7,3,F,1,C,4.98753117206983,2,1
1145,26,troy,frontal,112,1,7,4,C,1,F,0,0,-1
1145,26,troy,frontal,112,1,7,5,G,1,C,0,0,-1
1145,26,troy,frontal,113,1,8,1,A,1,X,0,0,0
1145,26,troy,frontal,113,1,8,2,C,1,A,2.49376558603491,0,0
1145,26,troy,frontal,113,1,8,3,F,1,C,0,0,0
1145,26,troy,frontal,113,1,8,4,C,1,F,0,0,0
1145,26,troy,frontal,113,1,8,5,G,1,C,0,0,0
1145,26,troy,frontal,114,2,8,1,A,1,X,2.49376558603491,1,0
1145,26,troy,frontal,114,2,8,2,D,1,A,0,0,-1
1145,26,troy,frontal,114,2,8,3,C,1,D,0,0,-1
1145,26,troy,frontal,114,2,8,4,F,1,C,0,0,-1
1145,26,troy,frontal,114,2,8,5,C,1,F,2.49376558603491,1,0
1145,26,troy,frontal,115,6,8,1,A,1,X,0,0,0
1145,26,troy,frontal,115,6,8,2,D,1,A,0,0,0
1145,26,troy,frontal,115,6,8,3,C,1,D,0,0,0
1145,26,troy,frontal,115,6,8,4,F,1,C,0,0,0
1145,26,troy,frontal,115,6,8,5,C,1,F,2.49376558603491,1,1
1145,26,troy,frontal,116,5,8,1,A,1,X,2.49376558603491,1,0
1145,26,troy,frontal,116,5,8,2,C,1,A,7.01566623365949,2,1
1145,26,troy,frontal,116,5,8,3,F,1,C,0,0,-1
1145,26,troy,frontal,116,5,8,4,C,1,F,4.98753117206982,2,1
1145,26,troy,frontal,116,5,8,5,G,1,C,2.49376558603491,1,0
1145,26,troy,frontal,117,9,8,1,A,1,X,0,0,0
1145,26,troy,frontal,117,9,8,2,G,1,A,2.49376558603491,1,1
1145,26,troy,frontal,117,9,8,3,F,1,G,0,0,0
1145,26,troy,frontal,117,9,8,4,C,1,F,2.49376558603491,1,1
1145,26,troy,frontal,117,9,8,5,D,1,C,0,0,0
1145,26,troy,frontal,118,7,8,1,A,1,X,0,0,0
1145,26,troy,frontal,118,7,8,2,C,1,A,2.49376558603491,1,1
1145,26,troy,frontal,118,7,8,3,G,1,C,2.49376558603491,1,1
1145,26,troy,frontal,118,7,8,4,F,1,G,0,0,0
1145,26,troy,frontal,118,7,8,5,C,1,F,0,0,0
1145,26,troy,frontal,119,15,8,1,A,1,X,0,0,0
1145,26,troy,frontal,119,15,8,2,C,1,A,2.49376558603491,1,1
1145,26,troy,frontal,119,15,8,3,F,1,C,0,0,0
1145,26,troy,frontal,119,15,8,4,C,1,F,2.49376558603491,1,1
1145,26,troy,frontal,119,15,8,5,F,1,C,2.49376558603491,1,1
1145,26,troy,frontal,120,16,8,1,A,1,X,2.95939611048016,2,0
1145,26,troy,frontal,120,16,8,2,D,1,A,4.98753117206983,2,0
1145,26,troy,frontal,120,16,8,3,C,1,D,0,0,-2
1145,26,troy,frontal,120,16,8,4,G,1,C,6.84567359939116,2,0
1145,26,troy,frontal,120,16,8,5,C,1,G,0,0,-2
1145,26,troy,frontal,121,14,8,1,A,1,X,0,0,0
1145,26,troy,frontal,121,14,8,2,D,1,A,1.69453336665934,0,0
1145,26,troy,frontal,121,14,8,3,G,1,D,0,0,0
1145,26,troy,frontal,121,14,8,4,F,1,G,0,0,0
1145,26,troy,frontal,121,14,8,5,C,1,F,2.49376558603491,1,1
1145,26,troy,frontal,122,12,8,1,A,1,X,2.49376558603491,1,0
1145,26,troy,frontal,122,12,8,2,F,1,A,0,0,-1
1145,26,troy,frontal,122,12,8,3,C,1,F,0,0,-1
1145,26,troy,frontal,122,12,8,4,G,1,C,0,0,-1
1145,26,troy,frontal,122,12,8,5,C,1,G,7.48129675810474,3,2
1145,26,troy,frontal,123,8,8,1,A,1,X,2.49376558603491,1,0
1145,26,troy,frontal,123,8,8,2,D,1,A,0,0,-1
1145,26,troy,frontal,123,8,8,3,C,1,D,0,0,-1
1145,26,troy,frontal,123,8,8,4,G,1,C,2.49376558603491,1,0
1145,26,troy,frontal,123,8,8,5,F,1,G,2.49376558603491,1,0
1145,26,troy,frontal,124,11,8,1,A,1,X,2.49376558603491,1,0
1145,26,troy,frontal,124,11,8,2,G,1,A,0,0,-1
1145,26,troy,frontal,124,11,8,3,C,1,G,0,0,-1
1145,26,troy,frontal,124,11,8,4,F,1,C,0,0,-1
1145,26,troy,frontal,124,11,8,5,C,1,F,0,0,-1
1145,26,troy,frontal,125,10,8,1,A,1,X,0,0,0
1145,26,troy,frontal,125,10,8,2,C,1,A,2.49376558603491,1,1
1145,26,troy,frontal,125,10,8,3,D,1,C,0,0,0
1145,26,troy,frontal,125,10,8,4,F,1,D,2.49376558603491,1,1
1145,26,troy,frontal,125,10,8,5,C,1,F,2.49376558603491,1,1
1145,26,troy,frontal,126,13,8,1,A,1,X,0,0,0
1145,26,troy,frontal,126,13,8,2,D,1,A,0,0,0
1145,26,troy,frontal,126,13,8,3,F,1,D,4.98753117206983,2,2
1145,26,troy,frontal,126,13,8,4,C,1,F,0,0,0
1145,26,troy,frontal,126,13,8,5,G,1,C,0,0,0
1145,26,troy,frontal,127,3,8,1,A,1,X,2.49376558603491,1,0
1145,26,troy,frontal,127,3,8,2,C,1,A,0,0,-1
1145,26,troy,frontal,127,3,8,3,G,1,C,0,0,-1
1145,26,troy,frontal,127,3,8,4,F,1,G,0,0,-1
1145,26,troy,frontal,127,3,8,5,C,1,F,4.98753117206982,2,1
1145,26,troy,frontal,128,4,8,1,A,1,X,2.49376558603491,1,0
1145,26,troy,frontal,128,4,8,2,D,1,A,0,0,-1
1145,26,troy,frontal,128,4,8,3,C,1,D,0,0,-1
1145,26,troy,frontal,128,4,8,4,G,1,C,7.48129675810474,3,2
1145,26,troy,frontal,128,4,8,5,F,1,G,0,0,-1
1145,26,troy,frontal,129,3,9,1,A,1,X,2.49376558603491,1,0
1145,26,troy,frontal,129,3,9,2,C,1,A,0,0,-1
1145,26,troy,frontal,129,3,9,3,G,1,C,4.98753117206983,2,1
1145,26,troy,frontal,129,3,9,4,F,1,G,0,0,-1
1145,26,troy,frontal,129,3,9,5,C,1,F,4.98753117206982,2,1
1145,26,troy,frontal,130,11,9,1,A,1,X,0,0,0
1145,26,troy,frontal,130,11,9,2,G,1,A,0,0,0
1145,26,troy,frontal,130,11,9,3,C,1,G,0,0,0
1145,26,troy,frontal,130,11,9,4,F,1,C,4.03200184604498,1,1
1145,26,troy,frontal,130,11,9,5,C,1,F,0,0,0
1145,26,troy,frontal,131,10,9,1,A,1,X,4.98753117206983,2,0
1145,26,troy,frontal,131,10,9,2,C,1,A,2.49376558603491,1,-1
1145,26,troy,frontal,131,10,9,3,D,1,C,2.49376558603491,1,-1
1145,26,troy,frontal,131,10,9,4,F,1,D,0,0,-2
1145,26,troy,frontal,131,10,9,5,C,1,F,0,0,-2
1145,26,troy,frontal,132,7,9,1,A,1,X,0,0,0
1145,26,troy,frontal,132,7,9,2,C,1,A,0,0,0
1145,26,troy,frontal,132,7,9,3,G,1,C,0,0,0
1145,26,troy,frontal,132,7,9,4,F,1,G,0,0,0
1145,26,troy,frontal,132,7,9,5,C,1,F,2.49376558603491,1,1
1145,26,troy,frontal,133,13,9,1,A,1,X,0,0,0
1145,26,troy,frontal,133,13,9,2,D,1,A,0,0,0
1145,26,troy,frontal,133,13,9,3,F,1,D,2.75545041560007,2,2
1145,26,troy,frontal,133,13,9,4,C,1,F,2.49376558603491,1,1
1145,26,troy,frontal,133,13,9,5,G,1,C,2.49376558603491,1,1
1145,26,troy,frontal,134,6,9,1,A,1,X,2.49376558603491,1,0
1145,26,troy,frontal,134,6,9,2,D,1,A,4.98753117206983,2,1
1145,26,troy,frontal,134,6,9,3,C,1,D,2.49376558603491,1,0
1145,26,troy,frontal,134,6,9,4,F,1,C,0,0,-1
1145,26,troy,frontal,134,6,9,5,C,1,F,2.49376558603491,1,0
1145,26,troy,frontal,135,1,9,1,A,1,X,0,0,0
1145,26,troy,frontal,135,1,9,2,C,1,A,4.98753117206983,2,2
1145,26,troy,frontal,135,1,9,3,F,1,C,0,0,0
1145,26,troy,frontal,135,1,9,4,C,1,F,0,0,0
1145,26,troy,frontal,135,1,9,5,G,1,C,2.49376558603491,1,1
1145,26,troy,frontal,136,4,9,1,A,1,X,0,0,0
1145,26,troy,frontal,136,4,9,2,D,1,A,0,0,0
1145,26,troy,frontal,136,4,9,3,C,1,D,0,0,0
1145,26,troy,frontal,136,4,9,4,G,1,C,0,0,0
1145,26,troy,frontal,136,4,9,5,F,1,G,27.8970519708293,12,12
1145,26,troy,frontal,137,15,9,1,A,1,X,0,0,0
1145,26,troy,frontal,137,15,9,2,C,1,A,0,0,0
1145,26,troy,frontal,137,15,9,3,F,1,C,2.49376558603491,1,1
1145,26,troy,frontal,137,15,9,4,C,1,F,0,0,0
1145,26,troy,frontal,137,15,9,5,F,1,C,0,0,0
1145,26,troy,frontal,138,5,9,1,A,1,X,0,0,0
1145,26,troy,frontal,138,5,9,2,C,1,A,0,0,0
1145,26,troy,frontal,138,5,9,3,F,1,C,4.98753117206983,2,2
1145,26,troy,frontal,138,5,9,4,C,1,F,2.49376558603491,1,1
1145,26,troy,frontal,138,5,9,5,G,1,C,2.49376558603491,1,1
1145,26,troy,frontal,139,12,9,1,A,1,X,0,0,0
1145,26,troy,frontal,139,12,9,2,F,1,A,0,0,0
1145,26,troy,frontal,139,12,9,3,C,1,F,0,0,0
1145,26,troy,frontal,139,12,9,4,G,1,C,0,0,0
1145,26,troy,frontal,139,12,9,5,C,1,G,0,0,0
1145,26,troy,frontal,140,16,9,1,A,1,X,0,0,0
1145,26,troy,frontal,140,16,9,2,D,1,A,0,0,0
1145,26,troy,frontal,140,16,9,3,C,1,D,0,0,0
1145,26,troy,frontal,140,16,9,4,G,1,C,2.49376558603491,1,1
1145,26,troy,frontal,140,16,9,5,C,1,G,0,0,0
1145,26,troy,frontal,141,9,9,1,A,1,X,2.49376558603491,1,0
1145,26,troy,frontal,141,9,9,2,G,1,A,0,0,-1
1145,26,troy,frontal,141,9,9,3,F,1,G,0,0,-1
1145,26,troy,frontal,141,9,9,4,C,1,F,0,0,-1
1145,26,troy,frontal,141,9,9,5,D,1,C,3.74136657178952,1,0
1145,26,troy,frontal,142,8,9,1,A,1,X,2.49376558603491,1,0
1145,26,troy,frontal,142,8,9,2,D,1,A,0,0,-1
1145,26,troy,frontal,142,8,9,3,C,1,D,0,0,-1
1145,26,troy,frontal,142,8,9,4,G,1,C,0,0,-1
1145,26,troy,frontal,142,8,9,5,F,1,G,2.49376558603491,1,0
1145,26,troy,frontal,143,14,9,1,A,1,X,0,0,0
1145,26,troy,frontal,143,14,9,2,D,1,A,0,0,0
1145,26,troy,frontal,143,14,9,3,G,1,D,6.10028834890221,2,2
1145,26,troy,frontal,143,14,9,4,F,1,G,2.49376558603491,1,1
1145,26,troy,frontal,143,14,9,5,C,1,F,0,0,0
1145,26,troy,frontal,144,2,9,1,A,1,X,0,0,0
1145,26,troy,frontal,144,2,9,2,D,1,A,0,0,0
1145,26,troy,frontal,144,2,9,3,C,1,D,2.49376558603491,1,1
1145,26,troy,frontal,144,2,9,4,F,1,C,0,0,0
1145,26,troy,frontal,144,2,9,5,C,1,F,0,0,0
1145,26,troy,frontal,145,12,10,1,A,1,X,0,0,0
1145,26,troy,frontal,145,12,10,2,F,1,A,0,0,0
1145,26,troy,frontal,145,12,10,3,C,1,F,0,0,0
1145,26,troy,frontal,145,12,10,4,G,1,C,7.48129675810474,3,3
1145,26,troy,frontal,145,12,10,5,C,1,G,0,0,0
1145,26,troy,frontal,146,15,10,1,A,1,X,0,0,0
1145,26,troy,frontal,146,15,10,2,C,1,A,0,0,0
1145,26,troy,frontal,146,15,10,3,F,1,C,0,0,0
1145,26,troy,frontal,146,15,10,4,C,1,F,2.49376558603491,1,1
1145,26,troy,frontal,146,15,10,5,F,1,C,7.48129675810474,3,3
1145,26,troy,frontal,147,1,10,1,A,1,X,4.98753117206983,2,0
1145,26,troy,frontal,147,1,10,2,C,1,A,0,0,-2
1145,26,troy,frontal,147,1,10,3,F,1,C,2.49376558603491,1,-1
1145,26,troy,frontal,147,1,10,4,C,1,F,0,0,-2
1145,26,troy,frontal,147,1,10,5,G,1,C,2.49376558603491,1,-1
1145,26,troy,frontal,148,3,10,1,A,1,X,0,0,0
1145,26,troy,frontal,148,3,10,2,C,1,A,2.49376558603491,1,1
1145,26,troy,frontal,148,3,10,3,G,1,C,2.49376558603491,1,1
1145,26,troy,frontal,148,3,10,4,F,1,G,4.98753117206983,2,2
1145,26,troy,frontal,148,3,10,5,C,1,F,2.49376558603491,1,1
1145,26,troy,frontal,149,6,10,1,A,1,X,0,0,0
1145,26,troy,frontal,149,6,10,2,D,1,A,2.49376558603491,1,1
1145,26,troy,frontal,149,6,10,3,C,1,D,0,0,0
1145,26,troy,frontal,149,6,10,4,F,1,C,0,0,0
1145,26,troy,frontal,149,6,10,5,C,1,F,0,0,0
1145,26,troy,frontal,150,16,10,1,A,1,X,9.97506234413965,4,0
1145,26,troy,frontal,150,16,10,2,D,1,A,0,0,-4
1145,26,troy,frontal,150,16,10,3,C,1,D,0,0,-4
1145,26,troy,frontal,150,16,10,4,G,1,C,0,0,-4
1145,26,troy,frontal,150,16,10,5,C,1,G,0,0,-4
1145,26,troy,frontal,151,8,10,1,A,1,X,4.98753117206982,2,0
1145,26,troy,frontal,151,8,10,2,D,1,A,2.49376558603491,1,-1
1145,26,troy,frontal,151,8,10,3,C,1,D,0,0,-2
1145,26,troy,frontal,151,8,10,4,G,1,C,7.48129675810474,3,1
1145,26,troy,frontal,151,8,10,5,F,1,G,1.38932832083291,0,-2
1145,26,troy,frontal,152,10,10,1,A,1,X,0,0,0
1145,26,troy,frontal,152,10,10,2,C,1,A,0,0,0
1145,26,troy,frontal,152,10,10,3,D,1,C,0,0,0
1145,26,troy,frontal,152,10,10,4,F,1,D,0.431029734268861,0,0
1145,26,troy,frontal,152,10,10,5,C,1,F,0,0,0
1145,26,troy,frontal,153,5,10,1,A,1,X,2.49376558603491,1,0
1145,26,troy,frontal,153,5,10,2,C,1,A,0,0,-1
1145,26,troy,frontal,153,5,10,3,F,1,C,2.49376558603491,1,0
1145,26,troy,frontal,153,5,10,4,C,1,F,0,0,-1
1145,26,troy,frontal,153,5,10,5,G,1,C,0,0,-1
1145,26,troy,frontal,154,4,10,1,A,1,X,2.49376558603491,1,0
1145,26,troy,frontal,154,4,10,2,D,1,A,0,0,-1
1145,26,troy,frontal,154,4,10,3,C,1,D,0,0,-1
1145,26,troy,frontal,154,4,10,4,G,1,C,0,0,-1
1145,26,troy,frontal,154,4,10,5,F,1,G,26.685041174388,11,10
1145,26,troy,frontal,155,11,10,1,A,1,X,0,0,0
1145,26,troy,frontal,155,11,10,2,G,1,A,2.49376558603491,1,1
1145,26,troy,frontal,155,11,10,3,C,1,G,0,0,0
1145,26,troy,frontal,155,11,10,4,F,1,C,0,0,0
1145,26,troy,frontal,155,11,10,5,C,1,F,0,0,0
1145,26,troy,frontal,156,9,10,1,A,1,X,0,0,0
1145,26,troy,frontal,156,9,10,2,G,1,A,2.49376558603491,1,1
1145,26,troy,frontal,156,9,10,3,F,1,G,7.35412159035976,2,2
1145,26,troy,frontal,156,9,10,4,C,1,F,0,0,0
1145,26,troy,frontal,156,9,10,5,D,1,C,2.49376558603491,1,1
1145,26,troy,frontal,157,2,10,1,A,1,X,2.49376558603491,1,0
1145,26,troy,frontal,157,2,10,2,D,1,A,0,0,-1
1145,26,troy,frontal,157,2,10,3,C,1,D,2.49376558603491,1,0
1145,26,troy,frontal,157,2,10,4,F,1,C,0,0,-1
1145,26,troy,frontal,157,2,10,5,C,1,F,2.49376558603491,1,0
1145,26,troy,frontal,158,13,10,1,A,1,X,2.49376558603491,1,0
1145,26,troy,frontal,158,13,10,2,D,1,A,2.49376558603491,1,0
1145,26,troy,frontal,158,13,10,3,F,1,D,2.49376558603491,1,0
1145,26,troy,frontal,158,13,10,4,C,1,F,0,0,-1
1145,26,troy,frontal,158,13,10,5,G,1,C,0,0,-1
1145,26,troy,frontal,159,7,10,1,A,1,X,0,0,0
1145,26,troy,frontal,159,7,10,2,C,1,A,2.49376558603491,1,1
1145,26,troy,frontal,159,7,10,3,G,1,C,1.50928581531977,1,1
1145,26,troy,frontal,159,7,10,4,F,1,G,0,0,0
1145,26,troy,frontal,159,7,10,5,C,1,F,0,0,0
1145,26,troy,frontal,160,14,10,1,A,1,X,4.98753117206983,2,0
1145,26,troy,frontal,160,14,10,2,D,1,A,0,0,-2
1145,26,troy,frontal,160,14,10,3,G,1,D,0,0,-2
1145,26,troy,frontal,160,14,10,4,F,1,G,0,0,-2
1145,26,troy,frontal,160,14,10,5,C,1,F,0,0,-2
