session,probe,monkey,area,area_group,verdict,confidence,motif_pass,evoked_pass,block_corroborates,G,p_motif,crossover_ch,gamma_peak_end,block_index,block_split_after,evoked_snr,csd_splithalf_r,min_erp_corr,csd_concentration,disc_ratio,disc_after,boundary_at_crossover,odd_contacts,patched_ch,n_events,log_sheet
troy-agl_t-2021-06-25,1,troy,auditory,auditory,probable,normal,True,False,False,0.327,0.01,9.101,low-index,0.005,9,2.353,-0.203,0.992,0.242,0.997,15,False,[],"[1, 2, 3, 4, 5, 6]",685,agl_t
troy-agl_t-2021-06-25,2,troy,frontal,frontal,no laminar signature,normal,False,False,False,0.337,0.001,17.94,high-index,0.006,13,1.117,-0.244,0.964,0.262,0.982,15,False,[],"[22, 23, 24]",685,agl_t
troy-agl_t-2021-06-28,1,troy,auditory,auditory,probable,normal,True,False,False,0.874,0.001,7.045,low-index,0.212,4,2.307,0.293,0.786,0.319,0.949,1,False,[],[],340,agl_t
troy-agl_t-2021-06-28,2,troy,frontal,frontal,no laminar signature,normal,False,False,False,0.386,0.001,20.726,high-index,0.037,13,1.103,0.043,0.669,0.103,0.941,1,False,[],"[22, 23, 24, 32]",340,agl_t
troy-agl_t-2021-07-01,1,troy,auditory,auditory,no laminar signature,normal,False,False,False,0.507,0.002,-3.308,low-index,0.24,4,0.805,0.18,0.34,0.169,0.914,1,False,[],[],550,agl_t
troy-agl_t-2021-07-01,2,troy,frontal,frontal,no laminar signature,normal,False,False,False,0.64,0.001,-1.986,low-index,0.136,11,3.057,-0.299,0.93,0.121,0.964,14,False,[],"[22, 23, 24, 32]",550,agl_t
troy-agl_t-2021-07-05,1,troy,auditory,auditory,no laminar signature,normal,False,False,False,0.545,0.001,20.202,high-index,0.118,12,0.736,-0.147,0.665,0.126,0.968,15,False,[],[],435,agl_t
troy-agl_t-2021-07-05,2,troy,frontal,frontal,no laminar signature,normal,False,False,True,0.001,0.009,12.619,low-index,0.227,11,1.109,0.254,0.477,0.279,0.949,15,False,[],"[22, 23, 24]",435,agl_t
troy-agl_t-2021-07-07,1,troy,auditory,auditory,perpendicular,normal,True,False,True,0.361,0.001,4.596,low-index,0.207,5,0.686,-0.341,0.276,0.139,0.856,3,False,[4],[],245,agl_t
troy-agl_t-2021-07-07,2,troy,frontal,frontal,no laminar signature,normal,False,False,False,0.0,1.0,,,0.238,8,0.875,-0.11,0.721,0.163,0.96,1,False,[],"[22, 23, 24]",245,agl_t
troy-agl_t-2021-07-08,1,troy,auditory,auditory,no laminar signature,normal,False,False,False,0.157,0.024,13.431,high-index,0.037,8,1.2,0.079,0.794,0.155,0.985,11,False,[],"[15, 16]",765,agl_t
troy-agl_t-2021-07-08,2,troy,frontal,frontal,no laminar signature,normal,False,False,False,0.0,1.0,,,0.008,13,1.041,0.073,0.981,0.173,0.997,15,False,[],"[22, 23, 24]",765,agl_t
troy-agl_t-2021-07-12,1,troy,auditory,auditory,no laminar signature,normal,False,False,True,0.004,0.023,10.44,high-index,0.381,8,0.545,-0.176,0.365,0.181,0.956,8,False,[],"[14, 15, 16]",200,agl_t
troy-agl_t-2021-07-12,2,troy,frontal,frontal,no laminar signature,normal,False,False,False,0.537,0.001,50.111,high-index,0.097,13,0.834,-0.206,0.96,0.18,0.814,1,False,[15],"[22, 23, 24, 32]",200,agl_t
troy-agl_t-2021-07-14,1,troy,AntAud,auditory,no laminar signature,normal,False,False,False,0.0,0.095,-9.172,low-index,0.265,7,1.135,0.814,0.012,0.494,0.973,7,False,[],[16],655,agl_t_issue
troy-agl_t-2021-07-14,2,troy,44.0,frontal,no laminar signature,normal,False,False,False,0.517,0.006,14.81,high-index,0.136,10,0.5,0.113,0.671,0.185,0.799,15,False,[],"[22, 23, 24]",655,agl_t_issue
troy-agl_t-2021-07-16,1,troy,AntAud,auditory,no laminar signature,normal,False,False,False,0.0,1.0,,,0.293,7,,,,,0.963,13,False,[],[],0,agl_t_issue
troy-agl_t-2021-07-16,2,troy,44.0,frontal,no laminar signature,normal,False,False,False,0.078,0.016,14.812,high-index,0.075,13,,,,,0.912,15,False,[10],"[22, 23, 24]",0,agl_t_issue
troy-agl_t-2021-07-19,1,troy,auditory,auditory,no laminar signature,normal,False,False,False,0.0,1.0,,,0.114,11,0.675,0.472,0.686,0.404,0.982,13,False,[],[],625,agl_t
troy-agl_t-2021-07-19,2,troy,frontal,frontal,no laminar signature,normal,False,False,False,0.703,0.001,14.662,high-index,0.155,12,1.989,0.844,0.323,0.76,0.919,15,False,[],"[22, 23, 24]",625,agl_t
troy-agl_t-2021-07-21,1,troy,auditory,auditory,no laminar signature,normal,False,False,False,0.0,1.0,,,0.039,3,1.322,0.027,0.61,0.219,0.957,15,False,[],"[8, 9, 10]",740,agl_t
troy-agl_t-2021-07-21,2,troy,frontal,frontal,no laminar signature,normal,False,False,True,0.196,0.019,9.918,high-index,0.189,11,1.137,0.606,0.932,0.143,0.957,1,False,[],"[22, 23, 24]",740,agl_t
troy-agl_t-2021-07-28,1,troy,PostAud(R),auditory,perpendicular,normal,True,False,True,0.554,0.001,4.283,low-index,0.208,4,0.984,0.651,0.701,0.225,0.616,1,False,[],[],655,agl_t_issue
troy-agl_t-2021-07-28,2,troy,44.0,frontal,no laminar signature,low,False,False,False,0.0,1.0,,,0.17,9,0.95,0.135,0.872,0.152,0.903,15,False,"[13, 15]","[22, 23, 24]",655,agl_t_issue
troy-agl_t-2021-08-02,1,troy,auditory,auditory,no laminar signature,normal,False,False,False,0.056,0.025,10.792,high-index,0.122,3,1.148,0.099,0.838,0.22,0.97,1,False,[],[7],620,agl_t
troy-agl_t-2021-08-02,2,troy,frontal,frontal,no laminar signature,normal,False,False,False,0.002,0.144,21.528,high-index,0.136,12,1.579,0.715,0.28,0.308,0.927,14,False,[],"[22, 23, 24]",620,agl_t
troy-agl_t-2021-08-09,1,troy,auditory,auditory,no laminar signature,normal,False,False,True,0.013,0.046,5.752,low-index,0.449,6,1.904,0.629,0.458,0.242,0.926,1,False,[7],"[5, 6]",530,agl_t
troy-agl_t-2021-08-09,2,troy,frontal,frontal,no laminar signature,normal,False,False,False,0.002,0.171,-23.354,low-index,0.186,8,0.863,0.176,-0.078,0.317,0.934,4,False,[],"[22, 23, 24]",530,agl_t
troy-agl_t-2021-08-23,1,troy,auditory,auditory,no laminar signature,normal,False,False,False,0.012,0.065,3.746,low-index,0.198,6,0.618,0.339,0.253,0.307,0.96,2,False,[],[7],700,agl_t
troy-agl_t-2021-08-23,2,troy,frontal,frontal,no laminar signature,normal,False,False,False,0.0,0.993,-29.269,low-index,0.085,8,0.799,0.721,0.129,0.253,0.914,15,False,[],"[22, 23, 24, 29, 30]",700,agl_t
troy-agl_t-2021-08-25,1,troy,auditory,auditory,no laminar signature,normal,False,False,False,0.004,0.393,0.913,low-index,0.256,13,0.539,0.353,0.107,0.307,0.922,15,False,[],[7],520,agl_t
troy-agl_t-2021-08-25,2,troy,frontal,frontal,no laminar signature,normal,False,False,False,0.138,0.017,14.81,high-index,0.211,9,2.182,0.6,0.681,0.349,0.824,14,False,[],"[22, 23, 24]",520,agl_t
troy-agl_t-2021-08-27,1,troy,auditory,auditory,no laminar signature,normal,False,False,False,0.0,0.574,5.107,low-index,0.111,8,1.665,0.48,0.195,0.451,0.921,2,False,[],[7],740,agl_t
troy-agl_t-2021-08-27,2,troy,frontal,frontal,no laminar signature,low,False,False,False,0.003,0.274,27.366,high-index,0.116,12,1.369,0.547,0.601,0.196,0.784,14,False,"[9, 14]","[22, 23, 24]",740,agl_t
troy-agl_t-2021-09-01,1,troy,AntAud,auditory,no laminar signature,normal,False,False,False,0.006,0.208,15.058,high-index,0.162,11,0.924,0.521,0.283,0.254,0.973,11,False,[7],[],430,agl_t_issue
troy-agl_t-2021-09-01,2,troy,FOP,frontal,no laminar signature,normal,False,False,False,0.0,1.0,,,0.132,9,1.205,0.531,0.575,0.321,0.871,14,False,[],"[22, 23, 24]",430,agl_t_issue
troy-agl_t-2021-09-03,1,troy,auditory,auditory,no laminar signature,normal,False,False,True,0.003,0.113,11.752,high-index,0.175,13,1.086,0.233,0.891,0.333,0.973,14,False,[7],[],360,agl_t
troy-agl_t-2021-09-03,2,troy,frontal,frontal,no laminar signature,normal,False,False,False,0.0,0.895,21.815,high-index,0.1,12,1.02,0.422,0.925,0.26,0.821,14,False,[14],"[22, 23, 24]",360,agl_t
troy-agl_t-2021-09-06,1,troy,auditory,auditory,no laminar signature,normal,False,False,False,0.052,0.144,12.144,low-index,0.28,6,1.53,0.749,0.348,0.335,0.948,2,False,[],"[7, 11, 12]",660,agl_t
troy-agl_t-2021-09-06,2,troy,frontal,frontal,probable,normal,True,False,False,0.456,0.004,3.396,low-index,0.227,8,0.874,0.525,0.201,0.245,0.843,14,False,[],"[22, 23, 24]",660,agl_t
troy-agl_t-2021-09-08,1,troy,auditory,auditory,no laminar signature,normal,False,False,False,0.001,0.44,-7.877,low-index,0.061,7,0.872,0.25,0.713,0.386,0.912,6,False,[7],[],730,agl_t
troy-agl_t-2021-09-08,2,troy,frontal,frontal,no laminar signature,normal,False,False,False,0.0,0.813,24.726,high-index,0.051,12,0.549,-0.015,0.752,0.249,0.906,13,False,[],"[22, 23, 24]",730,agl_t
troy-agl_t-2021-09-09,1,troy,AntAud,auditory,no laminar signature,normal,False,False,False,0.003,0.347,20.316,high-index,0.18,11,1.233,0.338,0.277,0.243,0.938,15,False,[7],[],455,agl_t_issue
troy-agl_t-2021-09-09,2,troy,44.0,frontal,no laminar signature,normal,False,False,False,0.0,1.0,,,0.079,13,1.664,-0.113,0.994,0.285,0.85,14,False,[14],"[22, 23, 24]",455,agl_t_issue
troy-agl_t-2021-09-15,1,troy,auditory,auditory,no laminar signature,low,False,False,False,0.0,0.464,44.105,high-index,0.061,3,0.895,0.203,0.946,0.173,0.923,1,False,"[7, 14]",[],680,agl_t
troy-agl_t-2021-09-15,2,troy,frontal,frontal,no laminar signature,normal,False,False,False,0.0,1.0,,,0.154,9,1.279,0.052,0.74,0.133,0.839,14,False,[14],"[22, 23, 24]",680,agl_t
troy-agl_t-2021-09-17,1,troy,auditory,auditory,inverted motif (check),normal,False,False,True,0.305,0.012,5.764,high-index,0.339,7,0.631,-0.139,0.404,0.188,0.965,8,False,[],[6],735,agl_t
troy-agl_t-2021-09-17,2,troy,frontal,frontal,no laminar signature,normal,False,False,False,0.112,0.067,22.581,high-index,0.122,12,1.031,-0.21,0.811,0.278,0.797,14,False,[],"[22, 23, 24]",735,agl_t
troy-agl_t-2021-09-22,1,troy,auditory,auditory,perpendicular,normal,True,False,True,0.575,0.001,11.813,low-index,0.441,10,0.936,0.05,0.117,0.148,0.901,10,False,[],[],630,agl_t
troy-agl_t-2021-09-22,2,troy,frontal,frontal,no laminar signature,normal,False,False,False,0.839,0.001,18.332,high-index,0.165,12,1.083,0.383,0.902,0.285,0.794,14,False,[14],"[22, 23, 24]",630,agl_t
troy-agl_t-2021-09-24,1,troy,auditory,auditory,no laminar signature,normal,False,False,True,0.243,0.001,8.566,high-index,0.242,8,0.902,0.273,0.296,0.197,0.872,6,False,[6],[],540,agl_t
troy-agl_t-2021-09-24,2,troy,frontal,frontal,no laminar signature,low,False,False,False,0.068,0.001,-13.3,low-index,0.139,13,0.69,0.147,0.83,0.227,0.744,14,False,"[9, 14]","[22, 23, 24]",540,agl_t
troy-agl_t-2021-09-27,1,troy,auditory,auditory,no laminar signature,normal,False,False,False,0.228,0.002,18.055,high-index,0.272,10,1.718,-0.104,0.49,0.097,0.958,6,False,[],[],260,agl_t
troy-agl_t-2021-09-27,2,troy,frontal,frontal,no laminar signature,normal,False,False,False,0.015,0.047,25.265,high-index,0.215,9,0.853,0.114,0.255,0.214,0.779,14,False,[],"[22, 23, 24]",260,agl_t
troy-agl_t-2021-10-04,1,troy,auditory,auditory,no laminar signature,normal,False,False,False,0.26,0.02,0.928,low-index,0.35,5,1.436,0.067,0.618,0.171,0.91,3,False,[],[],690,agl_t
troy-agl_t-2021-10-04,2,troy,frontal,frontal,no laminar signature,normal,False,False,False,0.0,1.0,,,0.125,13,0.475,-0.456,0.8,0.217,0.723,14,False,[14],"[22, 23, 24]",690,agl_t
troy-agl_t-2021-10-08,1,troy,auditory,auditory,no laminar signature,normal,False,False,False,0.143,0.001,17.876,high-index,0.035,10,0.608,0.299,0.932,0.165,0.99,13,False,[],"[1, 2, 3, 4, 5, 6]",765,agl_t
troy-agl_t-2021-10-08,2,troy,frontal,frontal,no laminar signature,normal,False,False,False,0.0,0.911,-6.918,low-index,0.087,4,1.002,0.403,0.944,0.215,0.936,15,False,[],"[22, 23, 24, 29, 30]",765,agl_t
troy-agl_t-2021-10-15,1,troy,auditory,auditory,perpendicular,normal,True,False,True,0.727,0.001,9.025,low-index,0.224,8,1.568,0.056,0.697,0.103,0.981,10,False,[],[16],715,agl_t
troy-agl_t-2021-10-15,2,troy,frontal,frontal,no laminar signature,normal,False,False,False,0.032,0.067,-2.74,low-index,0.293,5,1.395,-0.036,0.464,0.182,0.905,2,False,[],"[22, 23, 24]",715,agl_t
troy-agl_t-2021-10-18,1,troy,auditory,auditory,no laminar signature,normal,False,False,False,0.092,0.005,22.206,high-index,0.254,9,1.379,0.314,-0.179,0.153,0.916,15,False,[],"[14, 15]",760,agl_t
troy-agl_t-2021-10-18,2,troy,frontal,frontal,no laminar signature,normal,False,False,False,0.105,0.001,-1.852,low-index,0.212,11,1.459,0.286,0.466,0.173,0.956,14,False,[],"[22, 23, 24]",760,agl_t
troy-agl_t-2021-11-01,1,troy,auditory,auditory,inverted motif (check),normal,False,False,False,0.434,0.001,10.617,high-index,0.094,10,0.886,0.017,0.703,0.232,0.928,3,False,[],[16],700,agl_t
troy-agl_t-2021-11-01,2,troy,frontal,frontal,no laminar signature,normal,False,False,False,0.192,0.103,19.628,high-index,0.15,13,1.387,0.275,0.925,0.206,0.948,9,False,[],"[22, 23, 24]",700,agl_t
troy-agl_t-2021-11-04,1,troy,auditory,auditory,inverted motif (check),normal,False,False,False,0.875,0.001,13.046,high-index,0.049,8,0.455,0.024,0.935,0.187,0.92,3,False,[],[],750,agl_t
troy-agl_t-2021-11-04,2,troy,frontal,frontal,probable,normal,True,False,False,0.613,0.005,3.235,low-index,0.106,5,1.26,0.075,0.902,0.294,0.946,4,False,[],"[22, 23, 24]",750,agl_t
troy-agl_t-2021-11-05,1,troy,auditory,auditory,probable,normal,True,False,False,0.534,0.001,11.035,low-index,0.187,3,0.791,-0.148,0.735,0.23,0.864,3,False,[],[],735,agl_t
troy-agl_t-2021-11-05,2,troy,frontal,frontal,no laminar signature,normal,False,False,False,0.248,0.047,1.965,low-index,0.12,10,0.667,-0.362,0.609,0.159,0.944,10,False,[],"[17, 22, 23, 24]",735,agl_t
troy-agl_t-2021-11-08,1,troy,auditory,auditory,no laminar signature,normal,False,False,False,0.514,0.001,3.508,low-index,0.061,5,0.946,0.026,0.966,0.129,0.815,3,False,[],[],790,agl_t
troy-agl_t-2021-11-08,2,troy,frontal,frontal,no laminar signature,normal,False,False,False,0.208,0.001,45.861,high-index,0.13,4,0.959,0.074,0.908,0.137,0.842,3,False,[],"[22, 23, 24]",790,agl_t
troy-agl_t-2021-11-15,1,troy,auditory,auditory,no laminar signature,normal,False,False,False,0.182,0.001,5.614,low-index,0.15,8,1.192,0.002,0.536,0.15,0.9,15,False,[],[],785,agl_t
troy-agl_t-2021-11-15,2,troy,frontal,frontal,no laminar signature,normal,False,False,False,0.124,0.067,12.259,high-index,0.099,10,1.052,0.677,0.774,0.444,0.935,15,False,[],"[22, 23, 24]",785,agl_t
walt-agl_t-2020-08-05,1,walt,auditory,auditory,no laminar signature,normal,False,False,False,0.014,0.067,10.902,high-index,0.063,8,2.322,0.343,0.34,0.282,0.902,8,False,[],[6],795,agl_t
walt-agl_t-2020-08-05,2,walt,frontal,frontal,no laminar signature,low,False,False,False,0.807,0.001,12.116,high-index,0.315,12,1.08,0.258,0.477,0.223,0.307,13,True,[],"[17, 18, 31, 32]",795,agl_t
walt-agl_t-2020-08-10,1,walt,auditory,auditory,no laminar signature,normal,False,False,False,0.099,0.01,6.557,low-index,0.134,9,2.903,0.47,0.46,0.229,0.869,9,False,[],"[3, 8, 9]",780,agl_t
walt-agl_t-2020-08-10,2,walt,frontal,frontal,no laminar signature,normal,False,False,False,0.061,0.036,11.061,high-index,0.124,9,0.962,-0.027,0.532,0.155,0.922,9,False,[],"[24, 25]",780,agl_t
walt-agl_t-2020-08-12,1,walt,auditory,auditory,no laminar signature,normal,False,False,False,0.489,0.001,8.691,low-index,0.156,4,1.17,0.49,-0.549,0.302,0.871,4,False,[],"[8, 9]",795,agl_t
walt-agl_t-2020-08-12,2,walt,frontal,frontal,no laminar signature,normal,False,False,False,0.199,0.029,12.848,high-index,0.238,10,1.389,0.287,0.79,0.223,0.837,13,False,[],"[24, 25, 31, 32]",795,agl_t
walt-agl_t-2020-08-14,1,walt,auditory,auditory,no laminar signature,normal,False,False,False,0.011,0.166,16.384,high-index,0.076,10,2.996,0.606,0.65,0.187,0.95,10,False,[1],"[7, 8, 9]",785,agl_t
walt-agl_t-2020-08-14,2,walt,frontal,frontal,no laminar signature,low,False,False,False,0.843,0.001,12.083,high-index,0.521,13,1.058,0.292,0.398,0.245,0.312,13,True,"[7, 10]","[24, 31, 32]",785,agl_t
walt-agl_t-2020-08-21,1,walt,auditory,auditory,inverted motif (check),normal,False,False,False,0.579,0.001,8.324,low-index,0.096,9,0.901,-0.404,0.754,0.167,0.894,5,False,[],"[8, 9]",760,agl_t
walt-agl_t-2020-08-21,2,walt,frontal,frontal,no laminar signature,normal,False,False,False,0.107,0.121,2.268,low-index,0.093,13,0.775,-0.032,0.337,0.123,0.829,15,False,[],"[24, 25]",760,agl_t
walt-agl_t-2020-08-26,1,walt,dSTS?,other,no laminar signature,normal,False,False,False,0.0,1.0,,,0.0,3,0.449,-0.248,1.0,0.5,1.0,1,False,[],"[1, 2, 3, 4, 5, 6, 7, 8, 9, 10, 11, 12, 13, 14, 15]",765,agl_t_issue
walt-agl_t-2020-08-26,2,walt,45.0,frontal,no laminar signature,normal,False,False,False,0.0,1.0,,,0.0,3,0.493,-0.12,1.0,0.5,1.0,1,False,[],"[17, 18, 19, 20, 21, 22, 23, 24, 25, 26, 27, 28, 29, 30, 31]",765,agl_t_issue
walt-agl_t-2020-09-02,1,walt,auditory,auditory,no laminar signature,normal,False,False,False,0.043,0.022,3.215,high-index,0.257,7,2.535,0.422,0.673,0.197,0.876,7,False,[10],"[8, 9]",790,agl_t
walt-agl_t-2020-09-02,2,walt,frontal,frontal,no laminar signature,normal,False,False,True,0.077,0.047,8.532,high-index,0.173,9,1.087,0.17,-0.535,0.162,0.826,9,False,[],"[24, 25]",790,agl_t
walt-agl_t-2020-09-09b,1,walt,auditory,auditory,no laminar signature,low,False,False,False,0.0,1.0,,,0.79,10,1.805,-0.048,0.483,0.71,0.127,15,False,"[11, 12, 13, 14, 15, 16]","[1, 2, 3, 4, 5, 6, 7, 8, 9, 13]",735,agl_t
walt-agl_t-2020-09-09b,2,walt,frontal,frontal,no laminar signature,low,False,False,False,0.0,0.142,63.545,high-index,0.128,13,0.893,-0.157,0.32,0.176,0.645,14,False,"[6, 12, 14, 15, 16]","[17, 25, 28, 32]",735,agl_t
walt-agl_t-2020-09-11,1,walt,auditory,auditory,inverted motif (check),low,False,False,False,0.303,0.001,9.302,low-index,0.14,10,2.006,0.538,0.806,0.318,0.909,10,False,"[1, 2]","[8, 9, 10]",775,agl_t
walt-agl_t-2020-09-11,2,walt,frontal,frontal,no laminar signature,normal,False,False,False,0.0,1.0,,,0.142,9,0.94,-0.003,0.103,0.206,0.713,8,False,[9],"[17, 18, 27, 28, 29, 30, 31, 32]",775,agl_t
walt-agl_t-2020-09-14,1,walt,auditory,auditory,no laminar signature,normal,False,False,True,0.002,0.129,7.159,high-index,0.199,6,2.9,0.663,-0.292,0.332,0.867,10,False,[],"[8, 9, 10]",485,agl_t
walt-agl_t-2020-09-14,2,walt,frontal,frontal,no laminar signature,normal,False,False,False,0.161,0.001,0.197,low-index,0.145,11,2.424,-0.031,0.928,0.128,0.972,3,False,[],"[23, 24, 25]",485,agl_t
walt-agl_t-2020-09-16,1,walt,auditory,auditory,no laminar signature,normal,False,False,False,0.118,0.02,11.831,high-index,0.149,10,1.578,0.076,0.559,0.166,0.827,10,False,[],"[2, 3, 8, 9, 10]",675,agl_t
walt-agl_t-2020-09-16,2,walt,frontal,frontal,no laminar signature,normal,False,False,False,0.0,0.881,12.592,high-index,0.24,10,0.921,-0.024,0.537,0.144,0.759,10,False,[],"[28, 29, 30, 31, 32]",675,agl_t
walt-agl_t-2020-09-21a,1,walt,auditory,auditory,no laminar signature,normal,False,False,False,0.0,0.478,15.559,high-index,0.133,6,2.144,0.325,0.245,0.23,0.906,6,False,[],"[8, 9, 10]",795,agl_t
walt-agl_t-2020-09-21a,2,walt,frontal,frontal,no laminar signature,normal,False,False,True,0.0,0.276,7.14,low-index,0.537,7,1.407,0.112,0.326,0.206,0.612,7,False,[],"[24, 25]",795,agl_t
walt-agl_t-2020-09-21b,1,walt,auditory,auditory,no laminar signature,normal,False,False,False,0.008,0.152,9.806,high-index,0.091,10,2.096,0.501,0.94,0.3,0.943,10,False,[],"[8, 9, 10]",550,agl_t
walt-agl_t-2020-09-21b,2,walt,frontal,frontal,no laminar signature,normal,False,False,True,0.022,0.328,9.178,low-index,0.561,7,1.176,0.06,-0.069,0.318,0.724,7,False,[],"[24, 25]",550,agl_t
walt-agl_t-2020-09-23a,1,walt,auditory,auditory,no laminar signature,normal,False,False,False,0.0,1.0,,,0.07,9,4.152,0.865,0.825,0.219,0.92,3,False,[],"[8, 9]",765,agl_t
walt-agl_t-2020-09-23a,2,walt,frontal,frontal,no laminar signature,normal,False,False,False,0.041,0.145,5.538,low-index,0.144,9,0.914,0.284,-0.008,0.206,0.83,5,False,[],"[22, 23, 24, 25]",765,agl_t
walt-agl_t-2020-09-24a,1,walt,auditory,auditory,no laminar signature,normal,False,False,False,0.234,0.003,13.702,high-index,0.081,13,7.273,0.922,0.857,0.242,0.939,15,False,[],"[8, 9]",785,agl_t
walt-agl_t-2020-09-24a,2,walt,frontal,frontal,no laminar signature,normal,False,False,False,0.007,0.516,3.61,low-index,0.092,9,1.201,0.229,0.84,0.203,0.92,6,False,[],"[23, 24, 25]",785,agl_t
walt-agl_t-2020-09-24b,1,walt,auditory,auditory,probable,normal,True,False,False,0.543,0.001,12.607,high-index,0.11,13,3.784,0.736,0.921,0.194,0.934,15,False,[],"[8, 9, 10]",315,agl_t
walt-agl_t-2020-09-24b,2,walt,frontal,frontal,no laminar signature,normal,False,False,False,0.085,0.013,3.095,low-index,0.458,11,1.095,0.471,0.273,0.18,0.887,10,False,[],"[24, 25, 26]",315,agl_t
walt-agl_t-2020-09-25a,1,walt,auditory,auditory,no laminar signature,low,False,False,False,0.002,0.321,-0.256,low-index,0.238,8,4.285,0.802,-0.064,0.251,0.515,8,False,"[9, 10]","[1, 2, 3, 4, 5, 14]",780,agl_t
walt-agl_t-2020-09-25a,2,walt,frontal,frontal,no laminar signature,normal,False,False,True,0.148,0.251,6.038,low-index,0.193,7,0.801,-0.078,0.156,0.215,0.652,7,False,[11],"[24, 25]",780,agl_t
walt-agl_t-2020-09-25b,1,walt,R,auditory,no laminar signature,low,False,False,False,0.069,0.119,3.988,low-index,0.472,4,4.349,0.383,-0.357,0.255,0.016,3,True,"[4, 5, 6, 7]","[1, 2, 9, 13]",765,agl_t_issue
walt-agl_t-2020-09-25b,2,walt,44.0,frontal,probable,normal,True,False,False,0.324,0.005,7.348,high-index,0.298,13,0.848,-0.057,-0.308,0.164,0.89,7,False,[],"[24, 25, 26, 27, 28]",765,agl_t_issue
walt-agl_t-2020-09-28,1,walt,auditory,auditory,probable,normal,True,False,False,0.461,0.005,10.869,high-index,0.114,13,4.063,0.848,0.734,0.194,0.938,14,False,[],"[8, 9, 16]",790,agl_t
walt-agl_t-2020-09-28,2,walt,frontal,frontal,no laminar signature,normal,False,False,False,0.189,0.006,14.591,high-index,0.159,9,0.901,0.029,0.231,0.255,0.748,13,False,[],"[24, 25, 31, 32]",790,agl_t
walt-agl_t-2020-09-30a,1,walt,frontal,frontal,no laminar signature,low,False,False,False,0.28,0.009,13.352,high-index,0.288,13,1.306,0.042,0.521,0.111,0.427,13,True,"[8, 9]",[15],790,agl_t
walt-agl_t-2020-09-30a,2,walt,auditory,auditory,no laminar signature,normal,False,False,False,0.22,0.003,9.663,high-index,0.069,9,2.975,0.652,0.966,0.249,0.96,3,False,[],"[24, 25]",790,agl_t
walt-agl_t-2020-09-30b,1,walt,frontal,frontal,probable,low,True,False,False,0.734,0.001,12.088,high-index,0.311,13,1.133,0.029,0.637,0.135,0.222,14,False,"[8, 9]",[16],400,agl_t
walt-agl_t-2020-09-30b,2,walt,auditory,auditory,no laminar signature,normal,False,False,False,0.012,0.049,6.61,low-index,0.161,9,2.113,0.364,0.74,0.158,0.948,2,False,[],"[24, 25]",400,agl_t
walt-agl_t-2020-10-01a,1,walt,frontal,frontal,probable,normal,False,True,False,0.142,0.004,12.502,high-index,0.15,10,3.505,0.897,-0.832,0.202,0.906,8,False,[],[],780,agl_t
walt-agl_t-2020-10-01a,2,walt,auditory,auditory,probable,normal,True,False,False,0.301,0.006,9.964,high-index,0.078,11,0.799,-0.01,0.187,0.14,0.869,13,False,[],"[24, 25]",780,agl_t
walt-agl_t-2020-10-01b,1,walt,frontal,frontal,no laminar signature,normal,False,False,True,0.047,0.001,11.997,high-index,0.2,10,2.957,0.749,-0.708,0.174,0.837,8,False,[],[],340,agl_t
walt-agl_t-2020-10-01b,2,walt,auditory,auditory,no laminar signature,low,False,False,False,0.238,0.006,6.381,high-index,0.438,9,0.852,0.12,-0.665,0.146,0.24,9,False,[],"[24, 25]",340,agl_t
walt-agl_t-2020-10-05,1,walt,frontal,frontal,no laminar signature,normal,False,False,False,0.157,0.023,17.826,high-index,0.077,13,3.029,0.626,0.861,0.165,0.874,8,False,[],[],740,agl_t
walt-agl_t-2020-10-05,2,walt,auditory,auditory,no laminar signature,normal,False,False,False,0.001,0.108,5.481,low-index,0.039,12,1.057,0.071,0.628,0.109,0.914,13,False,[15],[],740,agl_t
walt-agl_t-2020-10-12,1,walt,auditory,auditory,no laminar signature,normal,False,False,False,0.0,1.0,,,0.0,3,5.294,0.179,1.0,0.5,1.0,1,False,[],"[1, 2, 3, 4, 5, 6, 7, 8, 9, 10, 11, 12, 13, 14, 15]",780,agl_t
walt-agl_t-2020-10-12,2,walt,frontal,frontal,no laminar signature,normal,False,False,False,0.0,1.0,,,0.0,3,0.457,0.125,1.0,0.5,1.0,1,False,[],"[17, 18, 19, 20, 21, 22, 23, 25, 26, 27, 28, 29, 30, 31, 32]",780,agl_t
walt-agl_t-2020-10-14,1,walt,auditory,auditory,no laminar signature,normal,False,False,False,0.25,0.032,13.965,high-index,0.117,13,5.553,0.858,0.901,0.234,0.894,15,False,[],"[1, 8, 9]",640,agl_t
walt-agl_t-2020-10-14,2,walt,frontal,frontal,probable,low,True,False,False,0.586,0.001,13.06,high-index,0.203,13,1.167,0.043,0.651,0.114,0.387,15,False,[],[17],640,agl_t
walt-agl_t-2020-10-15,1,walt,auditory,auditory,no laminar signature,normal,False,False,False,0.033,0.062,6.7,low-index,0.09,9,5.513,0.818,0.896,0.38,0.938,3,False,[1],"[8, 9]",715,agl_t
walt-agl_t-2020-10-15,2,walt,frontal,frontal,no laminar signature,low,False,False,False,0.695,0.002,0.068,low-index,0.057,11,1.32,0.03,0.462,0.116,0.87,13,False,"[9, 15]",[],715,agl_t
walt-agl_t-2020-10-16a,1,walt,auditory,auditory,probable,normal,False,True,False,0.329,0.008,12.521,high-index,0.202,10,3.881,0.913,-0.92,0.237,0.907,10,False,[],"[1, 2]",800,agl_t
walt-agl_t-2020-10-16a,2,walt,frontal,frontal,probable,normal,True,False,False,0.583,0.002,9.075,high-index,0.153,13,1.014,0.093,0.508,0.175,0.832,15,False,[],[],800,agl_t
walt-agl_t-2020-10-16b,1,walt,auditory,auditory,probable,normal,False,True,False,0.289,0.003,12.959,high-index,0.24,10,4.021,0.873,-0.909,0.207,0.865,8,False,[],"[1, 2]",765,agl_t
walt-agl_t-2020-10-16b,2,walt,frontal,frontal,inverted motif (check),normal,False,False,False,0.472,0.007,8.538,low-index,0.127,9,1.214,0.034,0.691,0.225,0.817,7,False,[],"[24, 25]",765,agl_t
walt-agl_t-2020-10-20,1,walt,auditory,auditory,probable,normal,False,True,True,0.584,0.001,13.358,high-index,0.239,13,4.785,0.982,-0.849,0.293,0.726,8,False,[],[],795,agl_t
walt-agl_t-2020-10-20,2,walt,frontal,frontal,no laminar signature,low,False,False,False,0.22,0.002,11.404,high-index,0.191,8,0.998,0.107,0.512,0.215,0.583,8,False,[],[32],795,agl_t
walt-agl_t-2020-10-21,1,walt,auditory,auditory,no laminar signature,normal,False,False,False,0.0,1.0,,,0.0,3,1.385,0.056,1.0,0.5,1.0,1,False,[],"[1, 2, 3, 4, 5, 6, 7, 8, 9, 10, 11, 12, 13, 14, 15]",680,agl_t
walt-agl_t-2020-10-21,2,walt,frontal,frontal,no laminar signature,normal,False,False,False,0.0,1.0,,,0.0,3,0.465,0.265,1.0,0.5,1.0,1,False,[],"[17, 18, 19, 20, 21, 22, 23, 24, 25, 26, 28, 29, 30, 31, 32]",680,agl_t
walt-agl_t-2020-10-22,1,walt,auditory,auditory,probable,normal,False,True,True,0.682,0.001,14.993,high-index,0.23,13,4.818,0.922,-0.38,0.153,0.789,8,False,[],[],785,agl_t
walt-agl_t-2020-10-22,2,walt,frontal,frontal,no laminar signature,low,False,False,False,0.111,0.005,10.815,high-index,0.372,7,1.025,0.005,0.26,0.292,0.462,3,False,[],"[17, 18, 25, 26, 27, 28, 29, 30, 31]",785,agl_t
walt-agl_t-2020-10-23a,1,walt,R/A1,auditory,probable,normal,False,True,False,0.033,0.205,13.677,high-index,0.266,10,4.203,0.948,-0.972,0.327,0.896,1,False,[],"[8, 9, 10]",785,agl_t_issue
walt-agl_t-2020-10-23a,2,walt,46.0,frontal,no laminar signature,normal,False,False,False,0.0,0.299,3.886,low-index,0.093,13,1.234,-0.016,0.298,0.192,0.635,13,False,[9],"[17, 27, 28, 32]",785,agl_t_issue
walt-agl_t-2020-10-23b,1,walt,auditory,auditory,probable,normal,False,True,False,0.028,0.068,-0.266,low-index,0.274,10,4.863,0.958,-0.975,0.325,0.855,1,False,[16],"[8, 9, 10]",800,agl_t
walt-agl_t-2020-10-23b,2,walt,frontal,frontal,perpendicular,normal,True,False,True,0.717,0.001,11.512,high-index,0.501,11,0.993,0.281,-0.551,0.22,0.927,11,False,[],[27],800,agl_t
walt-agl_t-2020-10-26,1,walt,auditory,auditory,no laminar signature,normal,False,False,False,0.054,0.001,9.606,high-index,0.122,10,4.651,0.96,0.148,0.392,0.943,15,False,[],"[8, 9, 10]",785,agl_t
walt-agl_t-2020-10-26,2,walt,frontal,frontal,probable,low,True,False,False,0.611,0.004,9.731,high-index,0.395,8,1.758,0.719,-0.504,0.292,0.485,15,False,"[8, 9, 16]",[],785,agl_t
walt-agl_t-2020-10-28,1,walt,auditory,auditory,no laminar signature,normal,False,False,False,0.0,0.816,61.887,high-index,0.107,10,5.88,0.924,0.929,0.202,0.933,6,False,[],"[8, 9, 10]",505,agl_t
walt-agl_t-2020-10-28,2,walt,frontal,frontal,inverted motif (check),normal,False,False,False,0.562,0.002,7.467,low-index,0.069,9,0.761,0.208,0.483,0.263,0.934,7,False,[7],"[24, 25]",505,agl_t
walt-agl_t-2020-10-29,1,walt,auditory,auditory,no laminar signature,normal,False,False,False,0.007,0.13,21.834,high-index,0.134,13,1.15,0.176,0.671,0.354,0.912,3,False,[],"[7, 8, 9, 10]",440,agl_t
walt-agl_t-2020-10-29,2,walt,frontal,frontal,no laminar signature,normal,False,False,False,0.098,0.024,3.877,low-index,0.165,9,1.52,-0.161,0.365,0.174,0.928,1,False,[],"[23, 24, 25]",440,agl_t
walt-agl_t-2020-10-30,1,walt,auditory,auditory,probable,normal,False,True,False,0.228,0.001,5.247,low-index,0.117,5,4.242,0.966,-0.494,0.2,0.88,3,False,[],"[8, 9, 10]",660,agl_t
walt-agl_t-2020-10-30,2,walt,frontal,frontal,no laminar signature,normal,False,False,False,0.07,0.031,7.046,high-index,0.317,9,1.715,0.38,0.076,0.171,0.888,9,False,[],"[17, 24, 25]",660,agl_t
walt-agl_t-2020-11-02,1,walt,auditory,auditory,no laminar signature,normal,False,False,False,0.028,0.118,11.253,low-index,0.185,13,2.802,0.928,-0.733,0.188,0.895,3,False,[],"[8, 9, 10, 11, 12]",785,agl_t
walt-agl_t-2020-11-02,2,walt,frontal,frontal,no laminar signature,low,False,False,True,0.15,0.118,7.916,high-index,0.239,9,1.497,0.289,-0.264,0.323,0.863,15,False,"[1, 10, 16]","[24, 25]",785,agl_t
walt-agl_t-2020-11-03a,1,walt,R,auditory,probable,normal,False,True,False,0.432,0.001,1.521,low-index,0.353,10,6.435,0.964,-0.473,0.248,0.841,11,False,[],"[8, 9, 10]",795,agl_t_issue
walt-agl_t-2020-11-03a,2,walt,44.0,frontal,no laminar signature,normal,False,False,False,0.002,0.244,5.368,low-index,0.135,9,1.689,-0.068,0.509,0.129,0.877,15,False,[],"[24, 25]",795,agl_t_issue
walt-agl_t-2020-11-03b,1,walt,R,auditory,no laminar signature,normal,False,False,True,0.024,0.022,12.739,high-index,0.349,11,7.383,0.988,-0.069,0.447,0.836,11,False,[],"[8, 9, 10, 16]",790,agl_t_issue
walt-agl_t-2020-11-03b,2,walt,45.0,frontal,probable,low,True,False,False,0.497,0.019,10.187,high-index,0.321,11,1.136,0.239,-0.218,0.169,0.193,13,False,"[1, 8, 13]",[],790,agl_t_issue
walt-agl_t-2020-11-04a,1,walt,auditory,auditory,no laminar signature,normal,False,False,False,0.123,0.004,13.662,high-index,0.319,11,5.538,0.964,-0.821,0.417,0.894,15,False,[],"[8, 9, 10]",790,agl_t
walt-agl_t-2020-11-04a,2,walt,frontal,frontal,no laminar signature,normal,False,False,False,0.708,0.005,1.041,low-index,0.111,10,1.849,0.141,0.194,0.106,0.805,12,False,[8],[],790,agl_t
walt-agl_t-2020-11-04b,1,walt,auditory,auditory,no laminar signature,normal,False,False,True,0.28,0.001,13.574,high-index,0.307,12,4.486,0.951,-0.636,0.424,0.848,15,False,[],"[8, 9, 10]",725,agl_t
walt-agl_t-2020-11-04b,2,walt,frontal,frontal,no laminar signature,low,False,False,False,0.447,0.063,9.016,high-index,0.332,9,1.331,0.135,0.465,0.176,0.439,9,True,[8],"[17, 27, 28, 29, 30, 31, 32]",725,agl_t
walt-agl_t-2020-11-05a,1,walt,auditory,auditory,no laminar signature,normal,False,False,False,0.0,1.0,,,0.236,10,2.421,0.742,-0.58,0.404,0.945,10,False,[],"[8, 9, 10]",795,agl_t
walt-agl_t-2020-11-05a,2,walt,frontal,frontal,no laminar signature,low,False,False,False,0.776,0.001,9.803,high-index,0.227,9,0.964,0.15,-0.419,0.168,0.494,9,True,"[1, 2]","[24, 25]",795,agl_t
walt-agl_t-2020-11-05b,1,walt,auditory,auditory,no laminar signature,normal,False,False,False,0.0,0.009,2.968,low-index,0.28,10,2.527,0.76,-0.283,0.367,0.904,10,False,[],"[8, 9, 10]",655,agl_t
walt-agl_t-2020-11-05b,2,walt,frontal,frontal,no laminar signature,low,False,False,False,0.03,0.115,8.771,high-index,0.382,9,1.248,0.046,-0.227,0.169,0.297,9,True,[8],"[17, 18, 27, 28, 29, 30, 31]",655,agl_t
walt-agl_t-2020-11-06a,1,walt,auditory,auditory,no laminar signature,normal,False,False,False,0.006,0.101,1.919,low-index,0.222,13,2.177,0.794,-0.11,0.189,0.916,15,False,[],"[8, 9, 10]",775,agl_t
walt-agl_t-2020-11-06a,2,walt,frontal,frontal,no laminar signature,normal,False,False,False,0.202,0.072,2.282,low-index,0.197,9,1.304,-0.032,0.528,0.12,0.86,15,False,[16],"[24, 25]",775,agl_t
walt-agl_t-2020-11-06b,1,walt,auditory,auditory,no laminar signature,normal,False,False,False,0.044,0.022,7.915,low-index,0.271,11,2.568,0.572,0.49,0.224,0.877,11,False,[],"[8, 9, 10]",460,agl_t
walt-agl_t-2020-11-06b,2,walt,frontal,frontal,no laminar signature,normal,False,False,False,0.279,0.011,3.594,low-index,0.202,7,0.988,0.118,-0.141,0.156,0.875,15,False,[16],"[24, 25]",460,agl_t
walt-agl_t-2020-11-09a,1,walt,auditory,auditory,probable,normal,True,False,False,0.658,0.004,11.129,high-index,0.027,10,2.85,0.591,0.692,0.25,0.959,6,False,[],"[8, 9, 10]",795,agl_t
walt-agl_t-2020-11-09a,2,walt,frontal,frontal,no laminar signature,normal,False,False,False,0.109,0.076,4.776,low-index,0.106,7,0.819,-0.034,0.488,0.143,0.845,7,False,[],"[24, 25]",795,agl_t
walt-agl_t-2020-11-09b,1,walt,auditory,auditory,probable,normal,True,False,False,0.69,0.007,9.767,high-index,0.056,10,1.987,0.518,0.582,0.255,0.927,6,False,[],"[8, 9, 10]",665,agl_t
walt-agl_t-2020-11-09b,2,walt,frontal,frontal,probable,low,True,False,False,0.477,0.005,9.894,high-index,0.352,9,1.086,0.1,-0.307,0.234,0.443,15,False,[],[],665,agl_t
walt-agl_t-2020-11-12a,1,walt,auditory,auditory,no laminar signature,normal,False,False,False,0.48,0.001,16.934,high-index,0.208,13,1.606,0.945,-0.745,0.42,0.784,14,False,[],"[8, 9, 10]",695,agl_t
walt-agl_t-2020-11-12a,2,walt,frontal,frontal,no laminar signature,low,False,False,False,0.072,0.06,-3.516,low-index,0.179,11,1.074,-0.032,0.146,0.107,0.539,8,False,[],[],695,agl_t
walt-agl_t-2020-11-12b,1,walt,auditory,auditory,no laminar signature,normal,False,False,True,0.504,0.009,14.375,high-index,0.205,13,1.433,0.875,-0.733,0.439,0.779,14,False,[],"[8, 9, 10]",535,agl_t
walt-agl_t-2020-11-12b,2,walt,frontal,frontal,no laminar signature,low,False,False,False,0.387,0.004,13.758,high-index,0.267,13,1.08,0.139,0.017,0.139,0.243,14,True,[],[32],535,agl_t
walt-agl_t-2020-11-13a,1,walt,auditory,auditory,probable,normal,False,True,False,0.457,0.003,0.878,low-index,0.127,10,4.593,0.964,-0.408,0.236,0.967,11,False,[],"[1, 8, 9, 10]",795,agl_t
walt-agl_t-2020-11-13a,2,walt,frontal,frontal,probable,normal,True,False,False,0.62,0.006,10.995,high-index,0.146,10,1.15,0.022,-0.27,0.142,0.791,11,False,[],"[24, 25]",795,agl_t
walt-agl_t-2020-11-13b,1,walt,auditory,auditory,probable,normal,False,True,False,0.133,0.034,11.083,high-index,0.116,10,4.672,0.948,-0.695,0.256,0.96,11,False,[],"[8, 9, 10]",790,agl_t
walt-agl_t-2020-11-13b,2,walt,frontal,frontal,no laminar signature,low,False,False,False,0.404,0.02,1.507,low-index,0.285,13,2.025,0.318,0.221,0.234,0.299,15,False,"[8, 11, 12]",[],790,agl_t
walt-agl_t-2020-11-16,1,walt,auditory,auditory,no laminar signature,normal,False,False,False,0.165,0.003,14.448,high-index,0.231,11,3.489,0.667,0.566,0.261,0.867,15,False,[],"[1, 8, 9, 10]",780,agl_t
walt-agl_t-2020-11-16,2,walt,frontal,frontal,no laminar signature,normal,False,False,False,0.224,0.091,9.077,low-index,0.098,11,0.964,0.074,0.874,0.201,0.926,14,False,[7],"[24, 25, 32]",780,agl_t
walt-agl_t-2020-11-19,1,walt,Hipp CA1?,hpc,hippocampus (n/a),normal,False,False,False,0.295,0.003,1.47,low-index,0.1,13,1.06,-0.339,0.568,0.236,0.904,15,False,[16],"[1, 2, 8, 9, 10]",780,agl_t_issue
walt-agl_t-2020-11-19,2,walt,45.0,frontal,no laminar signature,normal,False,False,False,0.29,0.018,4.927,low-index,0.117,7,0.974,0.029,0.737,0.142,0.836,7,False,[1],"[24, 25]",780,agl_t_issue
walt-agl_t-2020-11-23,1,walt,hpc,hpc,hippocampus (n/a),normal,False,False,False,0.007,0.059,-6.922,low-index,0.11,10,0.788,-0.08,0.681,0.183,0.931,15,False,[],"[1, 2, 8, 9]",750,agl_t
walt-agl_t-2020-11-23,2,walt,frontal,frontal,no laminar signature,normal,False,False,True,0.203,0.066,9.594,high-index,0.388,11,0.843,0.136,-0.15,0.183,0.946,7,False,[7],"[24, 25]",750,agl_t
walt-agl_t-2020-11-25a,1,walt,hpc,hpc,hippocampus (n/a),normal,False,False,False,0.565,0.002,7.565,low-index,0.433,11,0.985,-0.155,0.291,0.121,0.742,11,False,[],"[1, 2]",785,agl_t
walt-agl_t-2020-11-25a,2,walt,frontal,frontal,no laminar signature,normal,False,False,True,0.224,0.076,10.316,high-index,0.475,9,1.599,0.202,0.157,0.165,0.825,9,False,[],"[24, 25, 28]",785,agl_t
walt-agl_t-2020-11-25b,1,walt,hpc,hpc,hippocampus (n/a),normal,False,False,False,0.388,0.004,6.669,low-index,0.512,11,1.146,0.129,0.451,0.192,0.648,11,False,[1],[],695,agl_t
walt-agl_t-2020-11-25b,2,walt,frontal,frontal,perpendicular,normal,True,False,True,0.457,0.007,9.216,high-index,0.379,9,1.406,-0.104,-0.301,0.209,0.847,9,False,[10],"[24, 25]",695,agl_t
walt-agl_t-2020-11-26,1,walt,hpc,hpc,hippocampus (n/a),normal,False,False,False,0.108,0.001,2.858,low-index,0.228,9,1.057,-0.066,-0.035,0.179,0.731,8,False,[],[1],775,agl_t
walt-agl_t-2020-11-26,2,walt,frontal,frontal,no laminar signature,normal,False,False,False,0.236,0.012,10.963,low-index,0.466,7,1.03,0.13,-0.31,0.149,0.603,7,False,[11],"[24, 25]",775,agl_t
walt-agl_t-2020-11-27a,1,walt,hpc,hpc,hippocampus (n/a),low,False,False,False,0.0,0.606,3.146,low-index,0.072,7,1.012,-0.028,-0.013,0.38,0.165,11,False,"[7, 8, 13, 14]","[1, 4, 9, 10, 16]",740,agl_t
walt-agl_t-2020-11-27a,2,walt,frontal,frontal,no laminar signature,low,False,False,False,0.003,0.173,-12.107,low-index,0.193,8,0.722,-0.073,0.014,0.249,0.133,8,False,"[1, 7]","[31, 32]",740,agl_t
walt-agl_t-2020-11-27b,1,walt,hpc,hpc,hippocampus (n/a),low,False,False,False,0.0,0.542,-13.83,low-index,0.101,6,1.766,0.526,0.974,0.255,0.843,8,False,"[6, 7]","[1, 2]",460,agl_t
walt-agl_t-2020-11-27b,2,walt,frontal,frontal,no laminar signature,normal,False,False,False,0.007,0.092,6.67,low-index,0.303,10,1.551,0.672,0.979,0.144,0.893,1,False,[],"[23, 24, 25]",460,agl_t
walt-agl_t-2020-11-30,1,walt,hpc,hpc,hippocampus (n/a),normal,False,False,False,0.186,0.012,12.624,low-index,0.084,9,0.984,0.312,0.374,0.198,0.971,3,False,[],"[1, 2, 8, 9]",635,agl_t
walt-agl_t-2020-11-30,2,walt,frontal,frontal,no laminar signature,normal,False,False,False,0.231,0.102,11.726,low-index,0.272,7,2.119,0.023,0.573,0.134,0.799,7,False,[],"[24, 25]",635,agl_t
